/*
Navicat MySQL Data Transfer

Source Server         : BFA DEV SERVER
Source Server Version : 50722
Source Host           : 10.8.0.10:3306
Source Database       : auth

Target Server Type    : MYSQL
Target Server Version : 50722
File Encoding         : 65001

Date: 2018-09-25 20:18:46
*/

SET FOREIGN_KEY_CHECKS=0;

-- ----------------------------
-- Table structure for account
-- ----------------------------
DROP TABLE IF EXISTS `account`;
CREATE TABLE `account` (
  `id` int(10) unsigned NOT NULL AUTO_INCREMENT COMMENT 'Identifier',
  `username` varchar(32) NOT NULL DEFAULT '',
  `sha_pass_hash` varchar(40) NOT NULL DEFAULT '',
  `sessionkey` varchar(128) NOT NULL DEFAULT '',
  `v` varchar(64) NOT NULL DEFAULT '',
  `s` varchar(64) NOT NULL DEFAULT '',
  `token_key` varchar(100) NOT NULL DEFAULT '',
  `email` varchar(255) NOT NULL DEFAULT '',
  `reg_mail` varchar(255) NOT NULL DEFAULT '',
  `joindate` timestamp NOT NULL DEFAULT CURRENT_TIMESTAMP,
  `last_ip` varchar(15) NOT NULL DEFAULT '127.0.0.1',
  `last_attempt_ip` varchar(15) NOT NULL DEFAULT '127.0.0.1',
  `failed_logins` int(10) unsigned NOT NULL DEFAULT '0',
  `locked` tinyint(3) unsigned NOT NULL DEFAULT '0',
  `lock_country` varchar(2) NOT NULL DEFAULT '00',
  `last_login` timestamp NULL DEFAULT NULL,
  `online` tinyint(3) unsigned NOT NULL DEFAULT '0',
  `expansion` tinyint(3) unsigned NOT NULL DEFAULT '6',
  `mutetime` bigint(20) NOT NULL DEFAULT '0',
  `mutereason` varchar(255) NOT NULL DEFAULT '',
  `muteby` varchar(50) NOT NULL DEFAULT '',
  `locale` tinyint(3) unsigned NOT NULL DEFAULT '0',
  `os` varchar(4) NOT NULL DEFAULT '',
  `recruiter` int(10) unsigned NOT NULL DEFAULT '0',
  `sha_pass_hash_bnet` varchar(64) NOT NULL DEFAULT '',
  `LastCharacterUndelete` int(10) unsigned NOT NULL DEFAULT '0',
  `site_lang` varchar(2) DEFAULT NULL,
  `site_trade_pm` tinyint(4) DEFAULT NULL,
  `rate_xp` tinyint(4) DEFAULT NULL,
  `rate_reputations` tinyint(4) DEFAULT NULL,
  `rate_item_poor` tinyint(4) DEFAULT NULL,
  `rate_item_normal` tinyint(4) DEFAULT NULL,
  `rate_item_uncommon` tinyint(4) DEFAULT NULL,
  `rate_item_rare` tinyint(4) DEFAULT NULL,
  `rate_item_epic` tinyint(4) DEFAULT NULL,
  `rate_item_referenced` tinyint(4) DEFAULT NULL,
  PRIMARY KEY (`id`),
  UNIQUE KEY `idx_username` (`username`),
  UNIQUE KEY `idx_email` (`email`) USING BTREE
) ENGINE=InnoDB AUTO_INCREMENT=2 DEFAULT CHARSET=utf8 COMMENT='Account System';

-- ----------------------------
-- Records of account
-- ----------------------------
INSERT INTO `account` VALUES ('1', 'ARDINIS', '466882D72C8D3FD72D185A2B9CE43F55CC54249B', 'AD3A95881E9185E912AD2C5DDAA8E1FF1A8F4A25737CABD30048D7256D8D3606188BC79A40B768BA', '', '', '', 'SEVAG.CHICHMANIAN@GMAIL.COM', 'SEVAG.CHICHMANIAN@GMAIL.COM', '2018-06-24 19:07:29', '10.8.0.78', '127.0.0.1', '0', '0', '00', '2018-09-25 17:54:24', '1', '7', '0', '', '', '0', 'Wn64', '0', 'F8719100C60B22F2A348EBA929E6487D3EF42EF23C6737F378A2794734E06507', '0', 'en', '1', '0', '0', '0', '0', '0', '0', '0', '0');

-- ----------------------------
-- Table structure for account_access
-- ----------------------------
DROP TABLE IF EXISTS `account_access`;
CREATE TABLE `account_access` (
  `id` int(10) unsigned NOT NULL,
  `gmlevel` tinyint(3) unsigned NOT NULL,
  `RealmID` int(11) NOT NULL DEFAULT '-1',
  PRIMARY KEY (`id`,`RealmID`)
) ENGINE=InnoDB DEFAULT CHARSET=utf8;

-- ----------------------------
-- Records of account_access
-- ----------------------------
INSERT INTO `account_access` VALUES ('1', '3', '-1');

-- ----------------------------
-- Table structure for account_banned
-- ----------------------------
DROP TABLE IF EXISTS `account_banned`;
CREATE TABLE `account_banned` (
  `id` int(10) unsigned NOT NULL DEFAULT '0' COMMENT 'Account id',
  `bandate` int(10) unsigned NOT NULL DEFAULT '0',
  `unbandate` int(10) unsigned NOT NULL DEFAULT '0',
  `bannedby` varchar(50) NOT NULL,
  `banreason` varchar(255) NOT NULL,
  `active` tinyint(3) unsigned NOT NULL DEFAULT '1',
  PRIMARY KEY (`id`,`bandate`)
) ENGINE=InnoDB DEFAULT CHARSET=utf8 COMMENT='Ban List';

-- ----------------------------
-- Records of account_banned
-- ----------------------------

-- ----------------------------
-- Table structure for account_heirlooms
-- ----------------------------
DROP TABLE IF EXISTS `account_heirlooms`;
CREATE TABLE `account_heirlooms` (
  `accountId` int(10) unsigned NOT NULL,
  `itemId` int(11) unsigned NOT NULL DEFAULT '0',
  `flags` int(10) unsigned NOT NULL DEFAULT '0',
  PRIMARY KEY (`accountId`,`itemId`)
) ENGINE=InnoDB DEFAULT CHARSET=utf8;

-- ----------------------------
-- Records of account_heirlooms
-- ----------------------------

-- ----------------------------
-- Table structure for account_item_appearances
-- ----------------------------
DROP TABLE IF EXISTS `account_item_appearances`;
CREATE TABLE `account_item_appearances` (
  `AccountId` int(10) unsigned NOT NULL,
  `blobIndex` smallint(5) unsigned NOT NULL,
  `appearanceMask` int(10) unsigned NOT NULL DEFAULT '0',
  PRIMARY KEY (`AccountId`,`blobIndex`),
  CONSTRAINT `fk_account_item_appearances` FOREIGN KEY (`AccountId`) REFERENCES `account` (`id`)
) ENGINE=InnoDB DEFAULT CHARSET=utf8;

-- ----------------------------
-- Records of account_item_appearances
-- ----------------------------
INSERT INTO `account_item_appearances` VALUES ('1', '2416', '2147483648');
INSERT INTO `account_item_appearances` VALUES ('1', '2417', '3');
INSERT INTO `account_item_appearances` VALUES ('1', '2600', '12');
INSERT INTO `account_item_appearances` VALUES ('1', '2631', '2147483648');

-- ----------------------------
-- Table structure for account_item_favorite_appearances
-- ----------------------------
DROP TABLE IF EXISTS `account_item_favorite_appearances`;
CREATE TABLE `account_item_favorite_appearances` (
  `AccountId` int(10) unsigned NOT NULL,
  `itemModifiedAppearanceId` int(10) unsigned NOT NULL,
  PRIMARY KEY (`AccountId`,`itemModifiedAppearanceId`),
  CONSTRAINT `fk_account_item_favorite_appearances` FOREIGN KEY (`AccountId`) REFERENCES `account` (`id`)
) ENGINE=InnoDB DEFAULT CHARSET=utf8;

-- ----------------------------
-- Records of account_item_favorite_appearances
-- ----------------------------

-- ----------------------------
-- Table structure for account_last_played_character
-- ----------------------------
DROP TABLE IF EXISTS `account_last_played_character`;
CREATE TABLE `account_last_played_character` (
  `accountId` int(10) unsigned NOT NULL,
  `region` tinyint(3) unsigned NOT NULL,
  `battlegroup` tinyint(3) unsigned NOT NULL,
  `realmId` int(10) unsigned DEFAULT NULL,
  `characterName` varchar(12) DEFAULT NULL,
  `characterGUID` bigint(20) unsigned DEFAULT NULL,
  `lastPlayedTime` int(10) unsigned DEFAULT NULL,
  PRIMARY KEY (`accountId`,`region`,`battlegroup`)
) ENGINE=InnoDB DEFAULT CHARSET=utf8;

-- ----------------------------
-- Records of account_last_played_character
-- ----------------------------
INSERT INTO `account_last_played_character` VALUES ('1', '1', '1', '97', 'Talal', '1', '1537896722');

-- ----------------------------
-- Table structure for account_mounts
-- ----------------------------
DROP TABLE IF EXISTS `account_mounts`;
CREATE TABLE `account_mounts` (
  `AccountId` int(10) unsigned NOT NULL,
  `mountSpellId` int(10) unsigned NOT NULL,
  `flags` tinyint(3) unsigned NOT NULL DEFAULT '0',
  PRIMARY KEY (`AccountId`,`mountSpellId`)
) ENGINE=InnoDB DEFAULT CHARSET=utf8;

-- ----------------------------
-- Records of account_mounts
-- ----------------------------
INSERT INTO `account_mounts` VALUES ('1', '6648', '0');
INSERT INTO `account_mounts` VALUES ('1', '23229', '0');
INSERT INTO `account_mounts` VALUES ('1', '32235', '0');

-- ----------------------------
-- Table structure for account_muted
-- ----------------------------
DROP TABLE IF EXISTS `account_muted`;
CREATE TABLE `account_muted` (
  `guid` int(10) unsigned NOT NULL DEFAULT '0' COMMENT 'Global Unique Identifier',
  `mutedate` int(10) unsigned NOT NULL DEFAULT '0',
  `mutetime` int(10) unsigned NOT NULL DEFAULT '0',
  `mutedby` varchar(50) NOT NULL,
  `mutereason` varchar(255) NOT NULL,
  PRIMARY KEY (`guid`,`mutedate`)
) ENGINE=InnoDB DEFAULT CHARSET=utf8 COMMENT='mute List';

-- ----------------------------
-- Records of account_muted
-- ----------------------------

-- ----------------------------
-- Table structure for account_toys
-- ----------------------------
DROP TABLE IF EXISTS `account_toys`;
CREATE TABLE `account_toys` (
  `accountId` int(10) unsigned NOT NULL,
  `itemId` int(11) NOT NULL DEFAULT '0',
  `isFavourite` tinyint(1) DEFAULT '0',
  PRIMARY KEY (`accountId`,`itemId`)
) ENGINE=InnoDB DEFAULT CHARSET=utf8;

-- ----------------------------
-- Records of account_toys
-- ----------------------------

-- ----------------------------
-- Table structure for autobroadcast
-- ----------------------------
DROP TABLE IF EXISTS `autobroadcast`;
CREATE TABLE `autobroadcast` (
  `realmid` int(11) NOT NULL DEFAULT '-1',
  `id` tinyint(3) unsigned NOT NULL AUTO_INCREMENT,
  `weight` tinyint(3) unsigned DEFAULT '1',
  `text` longtext NOT NULL,
  PRIMARY KEY (`id`,`realmid`)
) ENGINE=InnoDB DEFAULT CHARSET=utf8;

-- ----------------------------
-- Records of autobroadcast
-- ----------------------------

-- ----------------------------
-- Table structure for battle_pet_slots
-- ----------------------------
DROP TABLE IF EXISTS `battle_pet_slots`;
CREATE TABLE `battle_pet_slots` (
  `id` tinyint(3) NOT NULL,
  `AccountId` int(10) NOT NULL,
  `battlePetGuid` bigint(20) NOT NULL,
  `locked` tinyint(3) NOT NULL DEFAULT '1',
  PRIMARY KEY (`id`,`AccountId`)
) ENGINE=InnoDB DEFAULT CHARSET=utf8;

-- ----------------------------
-- Records of battle_pet_slots
-- ----------------------------
INSERT INTO `battle_pet_slots` VALUES ('0', '1', '0', '1');
INSERT INTO `battle_pet_slots` VALUES ('1', '1', '0', '1');
INSERT INTO `battle_pet_slots` VALUES ('2', '1', '0', '1');

-- ----------------------------
-- Table structure for battle_pets
-- ----------------------------
DROP TABLE IF EXISTS `battle_pets`;
CREATE TABLE `battle_pets` (
  `guid` bigint(20) NOT NULL,
  `AccountId` int(10) NOT NULL,
  `species` int(10) NOT NULL,
  `breed` smallint(5) NOT NULL,
  `level` smallint(5) NOT NULL DEFAULT '1',
  `exp` smallint(5) NOT NULL DEFAULT '0',
  `health` int(10) NOT NULL DEFAULT '1',
  `quality` tinyint(3) NOT NULL DEFAULT '0',
  `flags` smallint(5) NOT NULL DEFAULT '0',
  `name` varchar(12) NOT NULL,
  PRIMARY KEY (`guid`)
) ENGINE=InnoDB DEFAULT CHARSET=utf8;

-- ----------------------------
-- Records of battle_pets
-- ----------------------------

-- ----------------------------
-- Table structure for bnetlist
-- ----------------------------
DROP TABLE IF EXISTS `bnetlist`;
CREATE TABLE `bnetlist` (
  `id` int(10) unsigned NOT NULL AUTO_INCREMENT,
  `address` varchar(255) NOT NULL DEFAULT '127.0.0.1',
  `localAddress` varchar(255) NOT NULL DEFAULT '127.0.0.1',
  `bnetPort` smallint(5) unsigned NOT NULL DEFAULT '1119',
  `restPort` smallint(5) unsigned NOT NULL DEFAULT '8081',
  PRIMARY KEY (`id`)
) ENGINE=InnoDB AUTO_INCREMENT=91 DEFAULT CHARSET=utf8 COMMENT='Bnet System';

-- ----------------------------
-- Records of bnetlist
-- ----------------------------
INSERT INTO `bnetlist` VALUES ('1', '10.8.0.10', '127.0.0.1', '2753', '3756');

-- ----------------------------
-- Table structure for ip_banned
-- ----------------------------
DROP TABLE IF EXISTS `ip_banned`;
CREATE TABLE `ip_banned` (
  `ip` varchar(15) NOT NULL DEFAULT '127.0.0.1',
  `bandate` int(10) unsigned NOT NULL,
  `unbandate` int(10) unsigned NOT NULL,
  `bannedby` varchar(50) NOT NULL DEFAULT '[Console]',
  `banreason` varchar(255) NOT NULL DEFAULT 'no reason',
  PRIMARY KEY (`ip`,`bandate`)
) ENGINE=InnoDB DEFAULT CHARSET=utf8 COMMENT='Banned IPs';

-- ----------------------------
-- Records of ip_banned
-- ----------------------------

-- ----------------------------
-- Table structure for ip2nation
-- ----------------------------
DROP TABLE IF EXISTS `ip2nation`;
CREATE TABLE `ip2nation` (
  `ip` int(11) unsigned NOT NULL DEFAULT '0',
  `country` char(2) NOT NULL DEFAULT '',
  KEY `ip` (`ip`)
) ENGINE=InnoDB DEFAULT CHARSET=utf8;

-- ----------------------------
-- Records of ip2nation
-- ----------------------------

-- ----------------------------
-- Table structure for ip2nationcountries
-- ----------------------------
DROP TABLE IF EXISTS `ip2nationcountries`;
CREATE TABLE `ip2nationcountries` (
  `code` varchar(4) NOT NULL DEFAULT '',
  `iso_code_2` varchar(2) NOT NULL DEFAULT '',
  `iso_code_3` varchar(3) DEFAULT '',
  `iso_country` varchar(255) NOT NULL DEFAULT '',
  `country` varchar(255) NOT NULL DEFAULT '',
  `lat` float NOT NULL DEFAULT '0',
  `lon` float NOT NULL DEFAULT '0',
  PRIMARY KEY (`code`),
  KEY `code` (`code`)
) ENGINE=InnoDB DEFAULT CHARSET=utf8;

-- ----------------------------
-- Records of ip2nationcountries
-- ----------------------------

-- ----------------------------
-- Table structure for ip2nationCountries
-- ----------------------------
DROP TABLE IF EXISTS `ip2nationCountries`;
CREATE TABLE `ip2nationCountries` (
  `code` varchar(4) NOT NULL DEFAULT '',
  `iso_code_2` varchar(2) NOT NULL DEFAULT '',
  `iso_code_3` varchar(3) DEFAULT '',
  `iso_country` varchar(255) NOT NULL DEFAULT '',
  `country` varchar(255) NOT NULL DEFAULT '',
  `lat` float NOT NULL DEFAULT '0',
  `lon` float NOT NULL DEFAULT '0',
  PRIMARY KEY (`code`),
  KEY `code` (`code`)
) ENGINE=InnoDB DEFAULT CHARSET=utf8;

-- ----------------------------
-- Records of ip2nationCountries
-- ----------------------------

-- ----------------------------
-- Table structure for logs
-- ----------------------------
DROP TABLE IF EXISTS `logs`;
CREATE TABLE `logs` (
  `time` int(10) unsigned NOT NULL,
  `realm` int(10) unsigned NOT NULL,
  `type` varchar(250) NOT NULL,
  `level` tinyint(3) unsigned NOT NULL DEFAULT '0',
  `string` text CHARACTER SET latin1
) ENGINE=InnoDB DEFAULT CHARSET=utf8;

-- ----------------------------
-- Records of logs
-- ----------------------------

-- ----------------------------
-- Table structure for logs_ip_actions
-- ----------------------------
DROP TABLE IF EXISTS `logs_ip_actions`;
CREATE TABLE `logs_ip_actions` (
  `id` int(10) unsigned NOT NULL AUTO_INCREMENT COMMENT 'Unique Identifier',
  `account_id` int(10) unsigned NOT NULL COMMENT 'Account ID',
  `character_guid` bigint(20) unsigned NOT NULL COMMENT 'Character Guid',
  `type` tinyint(3) unsigned NOT NULL,
  `ip` varchar(15) NOT NULL DEFAULT '127.0.0.1',
  `systemnote` text COMMENT 'Notes inserted by system',
  `unixtime` int(10) unsigned NOT NULL COMMENT 'Unixtime',
  `time` timestamp NOT NULL DEFAULT CURRENT_TIMESTAMP COMMENT 'Timestamp',
  `comment` text COMMENT 'Allows users to add a comment',
  PRIMARY KEY (`id`)
) ENGINE=InnoDB DEFAULT CHARSET=utf8 COMMENT='Used to log ips of individual actions';

-- ----------------------------
-- Records of logs_ip_actions
-- ----------------------------

-- ----------------------------
-- Table structure for project_account_variables_int
-- ----------------------------
DROP TABLE IF EXISTS `project_account_variables_int`;
CREATE TABLE `project_account_variables_int` (
  `accountid` int(10) unsigned NOT NULL,
  `variable` tinyint(3) unsigned NOT NULL,
  `value` int(10) unsigned NOT NULL,
  PRIMARY KEY (`accountid`,`variable`)
) ENGINE=InnoDB DEFAULT CHARSET=utf8;

-- ----------------------------
-- Records of project_account_variables_int
-- ----------------------------
INSERT INTO `project_account_variables_int` VALUES ('1', '1', '0');
INSERT INTO `project_account_variables_int` VALUES ('553', '1', '0');
INSERT INTO `project_account_variables_int` VALUES ('554', '1', '0');

-- ----------------------------
-- Table structure for rbac_account_permissions
-- ----------------------------
DROP TABLE IF EXISTS `rbac_account_permissions`;
CREATE TABLE `rbac_account_permissions` (
  `accountId` int(10) unsigned NOT NULL COMMENT 'Account id',
  `permissionId` int(10) unsigned NOT NULL COMMENT 'Permission id',
  `granted` tinyint(1) NOT NULL DEFAULT '1' COMMENT 'Granted = 1, Denied = 0',
  `realmId` int(11) NOT NULL DEFAULT '-1' COMMENT 'Realm Id, -1 means all',
  PRIMARY KEY (`accountId`,`permissionId`,`realmId`),
  KEY `fk__rbac_account_roles__rbac_permissions` (`permissionId`),
  CONSTRAINT `fk__rbac_account_permissions__account` FOREIGN KEY (`accountId`) REFERENCES `account` (`id`) ON DELETE CASCADE,
  CONSTRAINT `fk__rbac_account_roles__rbac_permissions` FOREIGN KEY (`permissionId`) REFERENCES `rbac_permissions` (`id`) ON DELETE CASCADE
) ENGINE=InnoDB DEFAULT CHARSET=utf8 COMMENT='Account-Permission relation';

-- ----------------------------
-- Records of rbac_account_permissions
-- ----------------------------

-- ----------------------------
-- Table structure for rbac_default_permissions
-- ----------------------------
DROP TABLE IF EXISTS `rbac_default_permissions`;
CREATE TABLE `rbac_default_permissions` (
  `secId` int(10) unsigned NOT NULL COMMENT 'Security Level id',
  `permissionId` int(10) unsigned NOT NULL COMMENT 'permission id',
  `realmId` int(11) NOT NULL DEFAULT '-1' COMMENT 'Realm Id, -1 means all',
  PRIMARY KEY (`secId`,`permissionId`,`realmId`),
  KEY `fk__rbac_default_permissions__rbac_permissions` (`permissionId`),
  CONSTRAINT `fk__rbac_default_permissions__rbac_permissions` FOREIGN KEY (`permissionId`) REFERENCES `rbac_permissions` (`id`)
) ENGINE=InnoDB DEFAULT CHARSET=utf8 COMMENT='Default permission to assign to different account security levels';

-- ----------------------------
-- Records of rbac_default_permissions
-- ----------------------------
INSERT INTO `rbac_default_permissions` VALUES ('3', '192', '-1');
INSERT INTO `rbac_default_permissions` VALUES ('2', '193', '-1');
INSERT INTO `rbac_default_permissions` VALUES ('1', '194', '-1');
INSERT INTO `rbac_default_permissions` VALUES ('0', '195', '-1');

-- ----------------------------
-- Table structure for rbac_linked_permissions
-- ----------------------------
DROP TABLE IF EXISTS `rbac_linked_permissions`;
CREATE TABLE `rbac_linked_permissions` (
  `id` int(10) unsigned NOT NULL COMMENT 'Permission id',
  `linkedId` int(10) unsigned NOT NULL COMMENT 'Linked Permission id',
  PRIMARY KEY (`id`,`linkedId`),
  KEY `fk__rbac_linked_permissions__rbac_permissions1` (`id`),
  KEY `fk__rbac_linked_permissions__rbac_permissions2` (`linkedId`),
  CONSTRAINT `fk__rbac_linked_permissions__rbac_permissions1` FOREIGN KEY (`id`) REFERENCES `rbac_permissions` (`id`) ON DELETE CASCADE,
  CONSTRAINT `fk__rbac_linked_permissions__rbac_permissions2` FOREIGN KEY (`linkedId`) REFERENCES `rbac_permissions` (`id`) ON DELETE CASCADE
) ENGINE=InnoDB DEFAULT CHARSET=utf8 COMMENT='Permission - Linked Permission relation';

-- ----------------------------
-- Records of rbac_linked_permissions
-- ----------------------------
INSERT INTO `rbac_linked_permissions` VALUES ('192', '21');
INSERT INTO `rbac_linked_permissions` VALUES ('192', '42');
INSERT INTO `rbac_linked_permissions` VALUES ('192', '43');
INSERT INTO `rbac_linked_permissions` VALUES ('192', '193');
INSERT INTO `rbac_linked_permissions` VALUES ('192', '196');
INSERT INTO `rbac_linked_permissions` VALUES ('192', '776');
INSERT INTO `rbac_linked_permissions` VALUES ('192', '778');
INSERT INTO `rbac_linked_permissions` VALUES ('192', '779');
INSERT INTO `rbac_linked_permissions` VALUES ('192', '780');
INSERT INTO `rbac_linked_permissions` VALUES ('192', '781');
INSERT INTO `rbac_linked_permissions` VALUES ('192', '782');
INSERT INTO `rbac_linked_permissions` VALUES ('192', '783');
INSERT INTO `rbac_linked_permissions` VALUES ('192', '784');
INSERT INTO `rbac_linked_permissions` VALUES ('192', '785');
INSERT INTO `rbac_linked_permissions` VALUES ('192', '786');
INSERT INTO `rbac_linked_permissions` VALUES ('192', '787');
INSERT INTO `rbac_linked_permissions` VALUES ('192', '788');
INSERT INTO `rbac_linked_permissions` VALUES ('192', '789');
INSERT INTO `rbac_linked_permissions` VALUES ('192', '790');
INSERT INTO `rbac_linked_permissions` VALUES ('192', '791');
INSERT INTO `rbac_linked_permissions` VALUES ('192', '792');
INSERT INTO `rbac_linked_permissions` VALUES ('192', '793');
INSERT INTO `rbac_linked_permissions` VALUES ('192', '794');
INSERT INTO `rbac_linked_permissions` VALUES ('192', '835');
INSERT INTO `rbac_linked_permissions` VALUES ('192', '844');
INSERT INTO `rbac_linked_permissions` VALUES ('192', '845');
INSERT INTO `rbac_linked_permissions` VALUES ('192', '846');
INSERT INTO `rbac_linked_permissions` VALUES ('192', '847');
INSERT INTO `rbac_linked_permissions` VALUES ('192', '848');
INSERT INTO `rbac_linked_permissions` VALUES ('192', '849');
INSERT INTO `rbac_linked_permissions` VALUES ('192', '850');
INSERT INTO `rbac_linked_permissions` VALUES ('192', '851');
INSERT INTO `rbac_linked_permissions` VALUES ('192', '853');
INSERT INTO `rbac_linked_permissions` VALUES ('192', '854');
INSERT INTO `rbac_linked_permissions` VALUES ('193', '48');
INSERT INTO `rbac_linked_permissions` VALUES ('193', '194');
INSERT INTO `rbac_linked_permissions` VALUES ('193', '197');
INSERT INTO `rbac_linked_permissions` VALUES ('194', '1');
INSERT INTO `rbac_linked_permissions` VALUES ('194', '2');
INSERT INTO `rbac_linked_permissions` VALUES ('194', '11');
INSERT INTO `rbac_linked_permissions` VALUES ('194', '12');
INSERT INTO `rbac_linked_permissions` VALUES ('194', '13');
INSERT INTO `rbac_linked_permissions` VALUES ('194', '14');
INSERT INTO `rbac_linked_permissions` VALUES ('194', '15');
INSERT INTO `rbac_linked_permissions` VALUES ('194', '16');
INSERT INTO `rbac_linked_permissions` VALUES ('194', '17');
INSERT INTO `rbac_linked_permissions` VALUES ('194', '18');
INSERT INTO `rbac_linked_permissions` VALUES ('194', '19');
INSERT INTO `rbac_linked_permissions` VALUES ('194', '20');
INSERT INTO `rbac_linked_permissions` VALUES ('194', '22');
INSERT INTO `rbac_linked_permissions` VALUES ('194', '23');
INSERT INTO `rbac_linked_permissions` VALUES ('194', '25');
INSERT INTO `rbac_linked_permissions` VALUES ('194', '26');
INSERT INTO `rbac_linked_permissions` VALUES ('194', '27');
INSERT INTO `rbac_linked_permissions` VALUES ('194', '28');
INSERT INTO `rbac_linked_permissions` VALUES ('194', '29');
INSERT INTO `rbac_linked_permissions` VALUES ('194', '30');
INSERT INTO `rbac_linked_permissions` VALUES ('194', '31');
INSERT INTO `rbac_linked_permissions` VALUES ('194', '32');
INSERT INTO `rbac_linked_permissions` VALUES ('194', '33');
INSERT INTO `rbac_linked_permissions` VALUES ('194', '34');
INSERT INTO `rbac_linked_permissions` VALUES ('194', '35');
INSERT INTO `rbac_linked_permissions` VALUES ('194', '36');
INSERT INTO `rbac_linked_permissions` VALUES ('194', '37');
INSERT INTO `rbac_linked_permissions` VALUES ('194', '38');
INSERT INTO `rbac_linked_permissions` VALUES ('194', '39');
INSERT INTO `rbac_linked_permissions` VALUES ('194', '40');
INSERT INTO `rbac_linked_permissions` VALUES ('194', '41');
INSERT INTO `rbac_linked_permissions` VALUES ('194', '44');
INSERT INTO `rbac_linked_permissions` VALUES ('194', '46');
INSERT INTO `rbac_linked_permissions` VALUES ('194', '47');
INSERT INTO `rbac_linked_permissions` VALUES ('194', '51');
INSERT INTO `rbac_linked_permissions` VALUES ('194', '195');
INSERT INTO `rbac_linked_permissions` VALUES ('194', '198');
INSERT INTO `rbac_linked_permissions` VALUES ('194', '632');
INSERT INTO `rbac_linked_permissions` VALUES ('194', '798');
INSERT INTO `rbac_linked_permissions` VALUES ('195', '3');
INSERT INTO `rbac_linked_permissions` VALUES ('195', '4');
INSERT INTO `rbac_linked_permissions` VALUES ('195', '5');
INSERT INTO `rbac_linked_permissions` VALUES ('195', '6');
INSERT INTO `rbac_linked_permissions` VALUES ('195', '24');
INSERT INTO `rbac_linked_permissions` VALUES ('195', '49');
INSERT INTO `rbac_linked_permissions` VALUES ('195', '199');
INSERT INTO `rbac_linked_permissions` VALUES ('196', '10');
INSERT INTO `rbac_linked_permissions` VALUES ('196', '200');
INSERT INTO `rbac_linked_permissions` VALUES ('196', '201');
INSERT INTO `rbac_linked_permissions` VALUES ('196', '208');
INSERT INTO `rbac_linked_permissions` VALUES ('196', '212');
INSERT INTO `rbac_linked_permissions` VALUES ('196', '213');
INSERT INTO `rbac_linked_permissions` VALUES ('196', '214');
INSERT INTO `rbac_linked_permissions` VALUES ('196', '215');
INSERT INTO `rbac_linked_permissions` VALUES ('196', '216');
INSERT INTO `rbac_linked_permissions` VALUES ('196', '226');
INSERT INTO `rbac_linked_permissions` VALUES ('196', '227');
INSERT INTO `rbac_linked_permissions` VALUES ('196', '230');
INSERT INTO `rbac_linked_permissions` VALUES ('196', '231');
INSERT INTO `rbac_linked_permissions` VALUES ('196', '233');
INSERT INTO `rbac_linked_permissions` VALUES ('196', '234');
INSERT INTO `rbac_linked_permissions` VALUES ('196', '235');
INSERT INTO `rbac_linked_permissions` VALUES ('196', '238');
INSERT INTO `rbac_linked_permissions` VALUES ('196', '239');
INSERT INTO `rbac_linked_permissions` VALUES ('196', '240');
INSERT INTO `rbac_linked_permissions` VALUES ('196', '241');
INSERT INTO `rbac_linked_permissions` VALUES ('196', '242');
INSERT INTO `rbac_linked_permissions` VALUES ('196', '243');
INSERT INTO `rbac_linked_permissions` VALUES ('196', '244');
INSERT INTO `rbac_linked_permissions` VALUES ('196', '245');
INSERT INTO `rbac_linked_permissions` VALUES ('196', '246');
INSERT INTO `rbac_linked_permissions` VALUES ('196', '247');
INSERT INTO `rbac_linked_permissions` VALUES ('196', '248');
INSERT INTO `rbac_linked_permissions` VALUES ('196', '249');
INSERT INTO `rbac_linked_permissions` VALUES ('196', '250');
INSERT INTO `rbac_linked_permissions` VALUES ('196', '251');
INSERT INTO `rbac_linked_permissions` VALUES ('196', '252');
INSERT INTO `rbac_linked_permissions` VALUES ('196', '253');
INSERT INTO `rbac_linked_permissions` VALUES ('196', '254');
INSERT INTO `rbac_linked_permissions` VALUES ('196', '255');
INSERT INTO `rbac_linked_permissions` VALUES ('196', '256');
INSERT INTO `rbac_linked_permissions` VALUES ('196', '257');
INSERT INTO `rbac_linked_permissions` VALUES ('196', '258');
INSERT INTO `rbac_linked_permissions` VALUES ('196', '259');
INSERT INTO `rbac_linked_permissions` VALUES ('196', '260');
INSERT INTO `rbac_linked_permissions` VALUES ('196', '261');
INSERT INTO `rbac_linked_permissions` VALUES ('196', '262');
INSERT INTO `rbac_linked_permissions` VALUES ('196', '264');
INSERT INTO `rbac_linked_permissions` VALUES ('196', '265');
INSERT INTO `rbac_linked_permissions` VALUES ('196', '266');
INSERT INTO `rbac_linked_permissions` VALUES ('196', '267');
INSERT INTO `rbac_linked_permissions` VALUES ('196', '268');
INSERT INTO `rbac_linked_permissions` VALUES ('196', '269');
INSERT INTO `rbac_linked_permissions` VALUES ('196', '270');
INSERT INTO `rbac_linked_permissions` VALUES ('196', '271');
INSERT INTO `rbac_linked_permissions` VALUES ('196', '272');
INSERT INTO `rbac_linked_permissions` VALUES ('196', '279');
INSERT INTO `rbac_linked_permissions` VALUES ('196', '280');
INSERT INTO `rbac_linked_permissions` VALUES ('196', '283');
INSERT INTO `rbac_linked_permissions` VALUES ('196', '287');
INSERT INTO `rbac_linked_permissions` VALUES ('196', '288');
INSERT INTO `rbac_linked_permissions` VALUES ('196', '289');
INSERT INTO `rbac_linked_permissions` VALUES ('196', '290');
INSERT INTO `rbac_linked_permissions` VALUES ('196', '291');
INSERT INTO `rbac_linked_permissions` VALUES ('196', '292');
INSERT INTO `rbac_linked_permissions` VALUES ('196', '293');
INSERT INTO `rbac_linked_permissions` VALUES ('196', '294');
INSERT INTO `rbac_linked_permissions` VALUES ('196', '295');
INSERT INTO `rbac_linked_permissions` VALUES ('196', '296');
INSERT INTO `rbac_linked_permissions` VALUES ('196', '297');
INSERT INTO `rbac_linked_permissions` VALUES ('196', '298');
INSERT INTO `rbac_linked_permissions` VALUES ('196', '299');
INSERT INTO `rbac_linked_permissions` VALUES ('196', '302');
INSERT INTO `rbac_linked_permissions` VALUES ('196', '303');
INSERT INTO `rbac_linked_permissions` VALUES ('196', '304');
INSERT INTO `rbac_linked_permissions` VALUES ('196', '305');
INSERT INTO `rbac_linked_permissions` VALUES ('196', '306');
INSERT INTO `rbac_linked_permissions` VALUES ('196', '307');
INSERT INTO `rbac_linked_permissions` VALUES ('196', '308');
INSERT INTO `rbac_linked_permissions` VALUES ('196', '309');
INSERT INTO `rbac_linked_permissions` VALUES ('196', '310');
INSERT INTO `rbac_linked_permissions` VALUES ('196', '313');
INSERT INTO `rbac_linked_permissions` VALUES ('196', '314');
INSERT INTO `rbac_linked_permissions` VALUES ('196', '319');
INSERT INTO `rbac_linked_permissions` VALUES ('196', '320');
INSERT INTO `rbac_linked_permissions` VALUES ('196', '321');
INSERT INTO `rbac_linked_permissions` VALUES ('196', '322');
INSERT INTO `rbac_linked_permissions` VALUES ('196', '323');
INSERT INTO `rbac_linked_permissions` VALUES ('196', '324');
INSERT INTO `rbac_linked_permissions` VALUES ('196', '325');
INSERT INTO `rbac_linked_permissions` VALUES ('196', '326');
INSERT INTO `rbac_linked_permissions` VALUES ('196', '327');
INSERT INTO `rbac_linked_permissions` VALUES ('196', '328');
INSERT INTO `rbac_linked_permissions` VALUES ('196', '329');
INSERT INTO `rbac_linked_permissions` VALUES ('196', '330');
INSERT INTO `rbac_linked_permissions` VALUES ('196', '331');
INSERT INTO `rbac_linked_permissions` VALUES ('196', '332');
INSERT INTO `rbac_linked_permissions` VALUES ('196', '333');
INSERT INTO `rbac_linked_permissions` VALUES ('196', '334');
INSERT INTO `rbac_linked_permissions` VALUES ('196', '335');
INSERT INTO `rbac_linked_permissions` VALUES ('196', '336');
INSERT INTO `rbac_linked_permissions` VALUES ('196', '337');
INSERT INTO `rbac_linked_permissions` VALUES ('196', '338');
INSERT INTO `rbac_linked_permissions` VALUES ('196', '339');
INSERT INTO `rbac_linked_permissions` VALUES ('196', '340');
INSERT INTO `rbac_linked_permissions` VALUES ('196', '341');
INSERT INTO `rbac_linked_permissions` VALUES ('196', '342');
INSERT INTO `rbac_linked_permissions` VALUES ('196', '343');
INSERT INTO `rbac_linked_permissions` VALUES ('196', '344');
INSERT INTO `rbac_linked_permissions` VALUES ('196', '345');
INSERT INTO `rbac_linked_permissions` VALUES ('196', '346');
INSERT INTO `rbac_linked_permissions` VALUES ('196', '347');
INSERT INTO `rbac_linked_permissions` VALUES ('196', '348');
INSERT INTO `rbac_linked_permissions` VALUES ('196', '349');
INSERT INTO `rbac_linked_permissions` VALUES ('196', '350');
INSERT INTO `rbac_linked_permissions` VALUES ('196', '351');
INSERT INTO `rbac_linked_permissions` VALUES ('196', '352');
INSERT INTO `rbac_linked_permissions` VALUES ('196', '353');
INSERT INTO `rbac_linked_permissions` VALUES ('196', '354');
INSERT INTO `rbac_linked_permissions` VALUES ('196', '355');
INSERT INTO `rbac_linked_permissions` VALUES ('196', '356');
INSERT INTO `rbac_linked_permissions` VALUES ('196', '357');
INSERT INTO `rbac_linked_permissions` VALUES ('196', '358');
INSERT INTO `rbac_linked_permissions` VALUES ('196', '359');
INSERT INTO `rbac_linked_permissions` VALUES ('196', '360');
INSERT INTO `rbac_linked_permissions` VALUES ('196', '361');
INSERT INTO `rbac_linked_permissions` VALUES ('196', '362');
INSERT INTO `rbac_linked_permissions` VALUES ('196', '363');
INSERT INTO `rbac_linked_permissions` VALUES ('196', '364');
INSERT INTO `rbac_linked_permissions` VALUES ('196', '365');
INSERT INTO `rbac_linked_permissions` VALUES ('196', '366');
INSERT INTO `rbac_linked_permissions` VALUES ('196', '373');
INSERT INTO `rbac_linked_permissions` VALUES ('196', '375');
INSERT INTO `rbac_linked_permissions` VALUES ('196', '400');
INSERT INTO `rbac_linked_permissions` VALUES ('196', '401');
INSERT INTO `rbac_linked_permissions` VALUES ('196', '402');
INSERT INTO `rbac_linked_permissions` VALUES ('196', '403');
INSERT INTO `rbac_linked_permissions` VALUES ('196', '404');
INSERT INTO `rbac_linked_permissions` VALUES ('196', '405');
INSERT INTO `rbac_linked_permissions` VALUES ('196', '406');
INSERT INTO `rbac_linked_permissions` VALUES ('196', '407');
INSERT INTO `rbac_linked_permissions` VALUES ('196', '417');
INSERT INTO `rbac_linked_permissions` VALUES ('196', '418');
INSERT INTO `rbac_linked_permissions` VALUES ('196', '419');
INSERT INTO `rbac_linked_permissions` VALUES ('196', '420');
INSERT INTO `rbac_linked_permissions` VALUES ('196', '421');
INSERT INTO `rbac_linked_permissions` VALUES ('196', '422');
INSERT INTO `rbac_linked_permissions` VALUES ('196', '423');
INSERT INTO `rbac_linked_permissions` VALUES ('196', '424');
INSERT INTO `rbac_linked_permissions` VALUES ('196', '425');
INSERT INTO `rbac_linked_permissions` VALUES ('196', '426');
INSERT INTO `rbac_linked_permissions` VALUES ('196', '427');
INSERT INTO `rbac_linked_permissions` VALUES ('196', '428');
INSERT INTO `rbac_linked_permissions` VALUES ('196', '429');
INSERT INTO `rbac_linked_permissions` VALUES ('196', '434');
INSERT INTO `rbac_linked_permissions` VALUES ('196', '435');
INSERT INTO `rbac_linked_permissions` VALUES ('196', '436');
INSERT INTO `rbac_linked_permissions` VALUES ('196', '437');
INSERT INTO `rbac_linked_permissions` VALUES ('196', '438');
INSERT INTO `rbac_linked_permissions` VALUES ('196', '439');
INSERT INTO `rbac_linked_permissions` VALUES ('196', '440');
INSERT INTO `rbac_linked_permissions` VALUES ('196', '441');
INSERT INTO `rbac_linked_permissions` VALUES ('196', '442');
INSERT INTO `rbac_linked_permissions` VALUES ('196', '443');
INSERT INTO `rbac_linked_permissions` VALUES ('196', '444');
INSERT INTO `rbac_linked_permissions` VALUES ('196', '445');
INSERT INTO `rbac_linked_permissions` VALUES ('196', '446');
INSERT INTO `rbac_linked_permissions` VALUES ('196', '447');
INSERT INTO `rbac_linked_permissions` VALUES ('196', '448');
INSERT INTO `rbac_linked_permissions` VALUES ('196', '449');
INSERT INTO `rbac_linked_permissions` VALUES ('196', '450');
INSERT INTO `rbac_linked_permissions` VALUES ('196', '451');
INSERT INTO `rbac_linked_permissions` VALUES ('196', '452');
INSERT INTO `rbac_linked_permissions` VALUES ('196', '453');
INSERT INTO `rbac_linked_permissions` VALUES ('196', '454');
INSERT INTO `rbac_linked_permissions` VALUES ('196', '455');
INSERT INTO `rbac_linked_permissions` VALUES ('196', '456');
INSERT INTO `rbac_linked_permissions` VALUES ('196', '457');
INSERT INTO `rbac_linked_permissions` VALUES ('196', '458');
INSERT INTO `rbac_linked_permissions` VALUES ('196', '459');
INSERT INTO `rbac_linked_permissions` VALUES ('196', '461');
INSERT INTO `rbac_linked_permissions` VALUES ('196', '463');
INSERT INTO `rbac_linked_permissions` VALUES ('196', '464');
INSERT INTO `rbac_linked_permissions` VALUES ('196', '465');
INSERT INTO `rbac_linked_permissions` VALUES ('196', '472');
INSERT INTO `rbac_linked_permissions` VALUES ('196', '473');
INSERT INTO `rbac_linked_permissions` VALUES ('196', '474');
INSERT INTO `rbac_linked_permissions` VALUES ('196', '475');
INSERT INTO `rbac_linked_permissions` VALUES ('196', '476');
INSERT INTO `rbac_linked_permissions` VALUES ('196', '477');
INSERT INTO `rbac_linked_permissions` VALUES ('196', '478');
INSERT INTO `rbac_linked_permissions` VALUES ('196', '488');
INSERT INTO `rbac_linked_permissions` VALUES ('196', '489');
INSERT INTO `rbac_linked_permissions` VALUES ('196', '491');
INSERT INTO `rbac_linked_permissions` VALUES ('196', '492');
INSERT INTO `rbac_linked_permissions` VALUES ('196', '493');
INSERT INTO `rbac_linked_permissions` VALUES ('196', '495');
INSERT INTO `rbac_linked_permissions` VALUES ('196', '497');
INSERT INTO `rbac_linked_permissions` VALUES ('196', '498');
INSERT INTO `rbac_linked_permissions` VALUES ('196', '499');
INSERT INTO `rbac_linked_permissions` VALUES ('196', '500');
INSERT INTO `rbac_linked_permissions` VALUES ('196', '502');
INSERT INTO `rbac_linked_permissions` VALUES ('196', '503');
INSERT INTO `rbac_linked_permissions` VALUES ('196', '505');
INSERT INTO `rbac_linked_permissions` VALUES ('196', '508');
INSERT INTO `rbac_linked_permissions` VALUES ('196', '511');
INSERT INTO `rbac_linked_permissions` VALUES ('196', '513');
INSERT INTO `rbac_linked_permissions` VALUES ('196', '514');
INSERT INTO `rbac_linked_permissions` VALUES ('196', '516');
INSERT INTO `rbac_linked_permissions` VALUES ('196', '519');
INSERT INTO `rbac_linked_permissions` VALUES ('196', '522');
INSERT INTO `rbac_linked_permissions` VALUES ('196', '523');
INSERT INTO `rbac_linked_permissions` VALUES ('196', '526');
INSERT INTO `rbac_linked_permissions` VALUES ('196', '527');
INSERT INTO `rbac_linked_permissions` VALUES ('196', '529');
INSERT INTO `rbac_linked_permissions` VALUES ('196', '530');
INSERT INTO `rbac_linked_permissions` VALUES ('196', '533');
INSERT INTO `rbac_linked_permissions` VALUES ('196', '535');
INSERT INTO `rbac_linked_permissions` VALUES ('196', '536');
INSERT INTO `rbac_linked_permissions` VALUES ('196', '537');
INSERT INTO `rbac_linked_permissions` VALUES ('196', '538');
INSERT INTO `rbac_linked_permissions` VALUES ('196', '539');
INSERT INTO `rbac_linked_permissions` VALUES ('196', '540');
INSERT INTO `rbac_linked_permissions` VALUES ('196', '541');
INSERT INTO `rbac_linked_permissions` VALUES ('196', '556');
INSERT INTO `rbac_linked_permissions` VALUES ('196', '581');
INSERT INTO `rbac_linked_permissions` VALUES ('196', '582');
INSERT INTO `rbac_linked_permissions` VALUES ('196', '592');
INSERT INTO `rbac_linked_permissions` VALUES ('196', '593');
INSERT INTO `rbac_linked_permissions` VALUES ('196', '596');
INSERT INTO `rbac_linked_permissions` VALUES ('196', '602');
INSERT INTO `rbac_linked_permissions` VALUES ('196', '603');
INSERT INTO `rbac_linked_permissions` VALUES ('196', '604');
INSERT INTO `rbac_linked_permissions` VALUES ('196', '605');
INSERT INTO `rbac_linked_permissions` VALUES ('196', '606');
INSERT INTO `rbac_linked_permissions` VALUES ('196', '607');
INSERT INTO `rbac_linked_permissions` VALUES ('196', '608');
INSERT INTO `rbac_linked_permissions` VALUES ('196', '609');
INSERT INTO `rbac_linked_permissions` VALUES ('196', '610');
INSERT INTO `rbac_linked_permissions` VALUES ('196', '611');
INSERT INTO `rbac_linked_permissions` VALUES ('196', '612');
INSERT INTO `rbac_linked_permissions` VALUES ('196', '613');
INSERT INTO `rbac_linked_permissions` VALUES ('196', '615');
INSERT INTO `rbac_linked_permissions` VALUES ('196', '616');
INSERT INTO `rbac_linked_permissions` VALUES ('196', '617');
INSERT INTO `rbac_linked_permissions` VALUES ('196', '618');
INSERT INTO `rbac_linked_permissions` VALUES ('196', '619');
INSERT INTO `rbac_linked_permissions` VALUES ('196', '620');
INSERT INTO `rbac_linked_permissions` VALUES ('196', '621');
INSERT INTO `rbac_linked_permissions` VALUES ('196', '623');
INSERT INTO `rbac_linked_permissions` VALUES ('196', '624');
INSERT INTO `rbac_linked_permissions` VALUES ('196', '625');
INSERT INTO `rbac_linked_permissions` VALUES ('196', '626');
INSERT INTO `rbac_linked_permissions` VALUES ('196', '627');
INSERT INTO `rbac_linked_permissions` VALUES ('196', '628');
INSERT INTO `rbac_linked_permissions` VALUES ('196', '629');
INSERT INTO `rbac_linked_permissions` VALUES ('196', '630');
INSERT INTO `rbac_linked_permissions` VALUES ('196', '631');
INSERT INTO `rbac_linked_permissions` VALUES ('196', '633');
INSERT INTO `rbac_linked_permissions` VALUES ('196', '634');
INSERT INTO `rbac_linked_permissions` VALUES ('196', '635');
INSERT INTO `rbac_linked_permissions` VALUES ('196', '636');
INSERT INTO `rbac_linked_permissions` VALUES ('196', '637');
INSERT INTO `rbac_linked_permissions` VALUES ('196', '638');
INSERT INTO `rbac_linked_permissions` VALUES ('196', '639');
INSERT INTO `rbac_linked_permissions` VALUES ('196', '640');
INSERT INTO `rbac_linked_permissions` VALUES ('196', '641');
INSERT INTO `rbac_linked_permissions` VALUES ('196', '642');
INSERT INTO `rbac_linked_permissions` VALUES ('196', '643');
INSERT INTO `rbac_linked_permissions` VALUES ('196', '644');
INSERT INTO `rbac_linked_permissions` VALUES ('196', '645');
INSERT INTO `rbac_linked_permissions` VALUES ('196', '646');
INSERT INTO `rbac_linked_permissions` VALUES ('196', '647');
INSERT INTO `rbac_linked_permissions` VALUES ('196', '648');
INSERT INTO `rbac_linked_permissions` VALUES ('196', '649');
INSERT INTO `rbac_linked_permissions` VALUES ('196', '650');
INSERT INTO `rbac_linked_permissions` VALUES ('196', '651');
INSERT INTO `rbac_linked_permissions` VALUES ('196', '652');
INSERT INTO `rbac_linked_permissions` VALUES ('196', '653');
INSERT INTO `rbac_linked_permissions` VALUES ('196', '654');
INSERT INTO `rbac_linked_permissions` VALUES ('196', '655');
INSERT INTO `rbac_linked_permissions` VALUES ('196', '656');
INSERT INTO `rbac_linked_permissions` VALUES ('196', '657');
INSERT INTO `rbac_linked_permissions` VALUES ('196', '658');
INSERT INTO `rbac_linked_permissions` VALUES ('196', '659');
INSERT INTO `rbac_linked_permissions` VALUES ('196', '660');
INSERT INTO `rbac_linked_permissions` VALUES ('196', '661');
INSERT INTO `rbac_linked_permissions` VALUES ('196', '663');
INSERT INTO `rbac_linked_permissions` VALUES ('196', '665');
INSERT INTO `rbac_linked_permissions` VALUES ('196', '666');
INSERT INTO `rbac_linked_permissions` VALUES ('196', '667');
INSERT INTO `rbac_linked_permissions` VALUES ('196', '668');
INSERT INTO `rbac_linked_permissions` VALUES ('196', '669');
INSERT INTO `rbac_linked_permissions` VALUES ('196', '670');
INSERT INTO `rbac_linked_permissions` VALUES ('196', '671');
INSERT INTO `rbac_linked_permissions` VALUES ('196', '672');
INSERT INTO `rbac_linked_permissions` VALUES ('196', '673');
INSERT INTO `rbac_linked_permissions` VALUES ('196', '674');
INSERT INTO `rbac_linked_permissions` VALUES ('196', '675');
INSERT INTO `rbac_linked_permissions` VALUES ('196', '676');
INSERT INTO `rbac_linked_permissions` VALUES ('196', '677');
INSERT INTO `rbac_linked_permissions` VALUES ('196', '678');
INSERT INTO `rbac_linked_permissions` VALUES ('196', '679');
INSERT INTO `rbac_linked_permissions` VALUES ('196', '680');
INSERT INTO `rbac_linked_permissions` VALUES ('196', '681');
INSERT INTO `rbac_linked_permissions` VALUES ('196', '682');
INSERT INTO `rbac_linked_permissions` VALUES ('196', '683');
INSERT INTO `rbac_linked_permissions` VALUES ('196', '684');
INSERT INTO `rbac_linked_permissions` VALUES ('196', '685');
INSERT INTO `rbac_linked_permissions` VALUES ('196', '686');
INSERT INTO `rbac_linked_permissions` VALUES ('196', '687');
INSERT INTO `rbac_linked_permissions` VALUES ('196', '688');
INSERT INTO `rbac_linked_permissions` VALUES ('196', '689');
INSERT INTO `rbac_linked_permissions` VALUES ('196', '690');
INSERT INTO `rbac_linked_permissions` VALUES ('196', '691');
INSERT INTO `rbac_linked_permissions` VALUES ('196', '693');
INSERT INTO `rbac_linked_permissions` VALUES ('196', '694');
INSERT INTO `rbac_linked_permissions` VALUES ('196', '695');
INSERT INTO `rbac_linked_permissions` VALUES ('196', '696');
INSERT INTO `rbac_linked_permissions` VALUES ('196', '697');
INSERT INTO `rbac_linked_permissions` VALUES ('196', '698');
INSERT INTO `rbac_linked_permissions` VALUES ('196', '699');
INSERT INTO `rbac_linked_permissions` VALUES ('196', '700');
INSERT INTO `rbac_linked_permissions` VALUES ('196', '701');
INSERT INTO `rbac_linked_permissions` VALUES ('196', '702');
INSERT INTO `rbac_linked_permissions` VALUES ('196', '703');
INSERT INTO `rbac_linked_permissions` VALUES ('196', '704');
INSERT INTO `rbac_linked_permissions` VALUES ('196', '705');
INSERT INTO `rbac_linked_permissions` VALUES ('196', '706');
INSERT INTO `rbac_linked_permissions` VALUES ('196', '707');
INSERT INTO `rbac_linked_permissions` VALUES ('196', '708');
INSERT INTO `rbac_linked_permissions` VALUES ('196', '709');
INSERT INTO `rbac_linked_permissions` VALUES ('196', '710');
INSERT INTO `rbac_linked_permissions` VALUES ('196', '711');
INSERT INTO `rbac_linked_permissions` VALUES ('196', '712');
INSERT INTO `rbac_linked_permissions` VALUES ('196', '713');
INSERT INTO `rbac_linked_permissions` VALUES ('196', '714');
INSERT INTO `rbac_linked_permissions` VALUES ('196', '715');
INSERT INTO `rbac_linked_permissions` VALUES ('196', '716');
INSERT INTO `rbac_linked_permissions` VALUES ('196', '717');
INSERT INTO `rbac_linked_permissions` VALUES ('196', '718');
INSERT INTO `rbac_linked_permissions` VALUES ('196', '719');
INSERT INTO `rbac_linked_permissions` VALUES ('196', '721');
INSERT INTO `rbac_linked_permissions` VALUES ('196', '722');
INSERT INTO `rbac_linked_permissions` VALUES ('196', '723');
INSERT INTO `rbac_linked_permissions` VALUES ('196', '724');
INSERT INTO `rbac_linked_permissions` VALUES ('196', '725');
INSERT INTO `rbac_linked_permissions` VALUES ('196', '726');
INSERT INTO `rbac_linked_permissions` VALUES ('196', '727');
INSERT INTO `rbac_linked_permissions` VALUES ('196', '728');
INSERT INTO `rbac_linked_permissions` VALUES ('196', '729');
INSERT INTO `rbac_linked_permissions` VALUES ('196', '730');
INSERT INTO `rbac_linked_permissions` VALUES ('196', '733');
INSERT INTO `rbac_linked_permissions` VALUES ('196', '734');
INSERT INTO `rbac_linked_permissions` VALUES ('196', '735');
INSERT INTO `rbac_linked_permissions` VALUES ('196', '736');
INSERT INTO `rbac_linked_permissions` VALUES ('196', '738');
INSERT INTO `rbac_linked_permissions` VALUES ('196', '739');
INSERT INTO `rbac_linked_permissions` VALUES ('196', '753');
INSERT INTO `rbac_linked_permissions` VALUES ('196', '757');
INSERT INTO `rbac_linked_permissions` VALUES ('196', '773');
INSERT INTO `rbac_linked_permissions` VALUES ('196', '777');
INSERT INTO `rbac_linked_permissions` VALUES ('196', '809');
INSERT INTO `rbac_linked_permissions` VALUES ('196', '817');
INSERT INTO `rbac_linked_permissions` VALUES ('196', '825');
INSERT INTO `rbac_linked_permissions` VALUES ('196', '829');
INSERT INTO `rbac_linked_permissions` VALUES ('196', '830');
INSERT INTO `rbac_linked_permissions` VALUES ('196', '831');
INSERT INTO `rbac_linked_permissions` VALUES ('196', '832');
INSERT INTO `rbac_linked_permissions` VALUES ('196', '833');
INSERT INTO `rbac_linked_permissions` VALUES ('196', '836');
INSERT INTO `rbac_linked_permissions` VALUES ('196', '837');
INSERT INTO `rbac_linked_permissions` VALUES ('196', '838');
INSERT INTO `rbac_linked_permissions` VALUES ('196', '839');
INSERT INTO `rbac_linked_permissions` VALUES ('196', '840');
INSERT INTO `rbac_linked_permissions` VALUES ('196', '842');
INSERT INTO `rbac_linked_permissions` VALUES ('196', '843');
INSERT INTO `rbac_linked_permissions` VALUES ('196', '869');
INSERT INTO `rbac_linked_permissions` VALUES ('196', '872');
INSERT INTO `rbac_linked_permissions` VALUES ('197', '232');
INSERT INTO `rbac_linked_permissions` VALUES ('197', '236');
INSERT INTO `rbac_linked_permissions` VALUES ('197', '237');
INSERT INTO `rbac_linked_permissions` VALUES ('197', '273');
INSERT INTO `rbac_linked_permissions` VALUES ('197', '274');
INSERT INTO `rbac_linked_permissions` VALUES ('197', '275');
INSERT INTO `rbac_linked_permissions` VALUES ('197', '276');
INSERT INTO `rbac_linked_permissions` VALUES ('197', '277');
INSERT INTO `rbac_linked_permissions` VALUES ('197', '284');
INSERT INTO `rbac_linked_permissions` VALUES ('197', '285');
INSERT INTO `rbac_linked_permissions` VALUES ('197', '286');
INSERT INTO `rbac_linked_permissions` VALUES ('197', '301');
INSERT INTO `rbac_linked_permissions` VALUES ('197', '311');
INSERT INTO `rbac_linked_permissions` VALUES ('197', '387');
INSERT INTO `rbac_linked_permissions` VALUES ('197', '388');
INSERT INTO `rbac_linked_permissions` VALUES ('197', '389');
INSERT INTO `rbac_linked_permissions` VALUES ('197', '390');
INSERT INTO `rbac_linked_permissions` VALUES ('197', '391');
INSERT INTO `rbac_linked_permissions` VALUES ('197', '392');
INSERT INTO `rbac_linked_permissions` VALUES ('197', '393');
INSERT INTO `rbac_linked_permissions` VALUES ('197', '394');
INSERT INTO `rbac_linked_permissions` VALUES ('197', '395');
INSERT INTO `rbac_linked_permissions` VALUES ('197', '396');
INSERT INTO `rbac_linked_permissions` VALUES ('197', '397');
INSERT INTO `rbac_linked_permissions` VALUES ('197', '398');
INSERT INTO `rbac_linked_permissions` VALUES ('197', '399');
INSERT INTO `rbac_linked_permissions` VALUES ('197', '479');
INSERT INTO `rbac_linked_permissions` VALUES ('197', '480');
INSERT INTO `rbac_linked_permissions` VALUES ('197', '481');
INSERT INTO `rbac_linked_permissions` VALUES ('197', '482');
INSERT INTO `rbac_linked_permissions` VALUES ('197', '485');
INSERT INTO `rbac_linked_permissions` VALUES ('197', '486');
INSERT INTO `rbac_linked_permissions` VALUES ('197', '487');
INSERT INTO `rbac_linked_permissions` VALUES ('197', '494');
INSERT INTO `rbac_linked_permissions` VALUES ('197', '506');
INSERT INTO `rbac_linked_permissions` VALUES ('197', '509');
INSERT INTO `rbac_linked_permissions` VALUES ('197', '510');
INSERT INTO `rbac_linked_permissions` VALUES ('197', '517');
INSERT INTO `rbac_linked_permissions` VALUES ('197', '518');
INSERT INTO `rbac_linked_permissions` VALUES ('197', '521');
INSERT INTO `rbac_linked_permissions` VALUES ('197', '542');
INSERT INTO `rbac_linked_permissions` VALUES ('197', '543');
INSERT INTO `rbac_linked_permissions` VALUES ('197', '550');
INSERT INTO `rbac_linked_permissions` VALUES ('197', '558');
INSERT INTO `rbac_linked_permissions` VALUES ('197', '568');
INSERT INTO `rbac_linked_permissions` VALUES ('197', '571');
INSERT INTO `rbac_linked_permissions` VALUES ('197', '572');
INSERT INTO `rbac_linked_permissions` VALUES ('197', '573');
INSERT INTO `rbac_linked_permissions` VALUES ('197', '574');
INSERT INTO `rbac_linked_permissions` VALUES ('197', '575');
INSERT INTO `rbac_linked_permissions` VALUES ('197', '576');
INSERT INTO `rbac_linked_permissions` VALUES ('197', '577');
INSERT INTO `rbac_linked_permissions` VALUES ('197', '578');
INSERT INTO `rbac_linked_permissions` VALUES ('197', '579');
INSERT INTO `rbac_linked_permissions` VALUES ('197', '580');
INSERT INTO `rbac_linked_permissions` VALUES ('197', '583');
INSERT INTO `rbac_linked_permissions` VALUES ('197', '584');
INSERT INTO `rbac_linked_permissions` VALUES ('197', '585');
INSERT INTO `rbac_linked_permissions` VALUES ('197', '586');
INSERT INTO `rbac_linked_permissions` VALUES ('197', '587');
INSERT INTO `rbac_linked_permissions` VALUES ('197', '588');
INSERT INTO `rbac_linked_permissions` VALUES ('197', '589');
INSERT INTO `rbac_linked_permissions` VALUES ('197', '590');
INSERT INTO `rbac_linked_permissions` VALUES ('197', '591');
INSERT INTO `rbac_linked_permissions` VALUES ('197', '594');
INSERT INTO `rbac_linked_permissions` VALUES ('197', '595');
INSERT INTO `rbac_linked_permissions` VALUES ('197', '601');
INSERT INTO `rbac_linked_permissions` VALUES ('197', '761');
INSERT INTO `rbac_linked_permissions` VALUES ('197', '762');
INSERT INTO `rbac_linked_permissions` VALUES ('197', '763');
INSERT INTO `rbac_linked_permissions` VALUES ('197', '764');
INSERT INTO `rbac_linked_permissions` VALUES ('197', '765');
INSERT INTO `rbac_linked_permissions` VALUES ('197', '766');
INSERT INTO `rbac_linked_permissions` VALUES ('197', '767');
INSERT INTO `rbac_linked_permissions` VALUES ('197', '768');
INSERT INTO `rbac_linked_permissions` VALUES ('197', '769');
INSERT INTO `rbac_linked_permissions` VALUES ('197', '770');
INSERT INTO `rbac_linked_permissions` VALUES ('197', '771');
INSERT INTO `rbac_linked_permissions` VALUES ('197', '772');
INSERT INTO `rbac_linked_permissions` VALUES ('197', '774');
INSERT INTO `rbac_linked_permissions` VALUES ('197', '805');
INSERT INTO `rbac_linked_permissions` VALUES ('197', '811');
INSERT INTO `rbac_linked_permissions` VALUES ('197', '813');
INSERT INTO `rbac_linked_permissions` VALUES ('197', '819');
INSERT INTO `rbac_linked_permissions` VALUES ('197', '821');
INSERT INTO `rbac_linked_permissions` VALUES ('197', '827');
INSERT INTO `rbac_linked_permissions` VALUES ('198', '218');
INSERT INTO `rbac_linked_permissions` VALUES ('198', '300');
INSERT INTO `rbac_linked_permissions` VALUES ('198', '312');
INSERT INTO `rbac_linked_permissions` VALUES ('198', '315');
INSERT INTO `rbac_linked_permissions` VALUES ('198', '316');
INSERT INTO `rbac_linked_permissions` VALUES ('198', '317');
INSERT INTO `rbac_linked_permissions` VALUES ('198', '318');
INSERT INTO `rbac_linked_permissions` VALUES ('198', '367');
INSERT INTO `rbac_linked_permissions` VALUES ('198', '368');
INSERT INTO `rbac_linked_permissions` VALUES ('198', '369');
INSERT INTO `rbac_linked_permissions` VALUES ('198', '370');
INSERT INTO `rbac_linked_permissions` VALUES ('198', '371');
INSERT INTO `rbac_linked_permissions` VALUES ('198', '372');
INSERT INTO `rbac_linked_permissions` VALUES ('198', '374');
INSERT INTO `rbac_linked_permissions` VALUES ('198', '376');
INSERT INTO `rbac_linked_permissions` VALUES ('198', '377');
INSERT INTO `rbac_linked_permissions` VALUES ('198', '378');
INSERT INTO `rbac_linked_permissions` VALUES ('198', '379');
INSERT INTO `rbac_linked_permissions` VALUES ('198', '380');
INSERT INTO `rbac_linked_permissions` VALUES ('198', '381');
INSERT INTO `rbac_linked_permissions` VALUES ('198', '382');
INSERT INTO `rbac_linked_permissions` VALUES ('198', '384');
INSERT INTO `rbac_linked_permissions` VALUES ('198', '385');
INSERT INTO `rbac_linked_permissions` VALUES ('198', '386');
INSERT INTO `rbac_linked_permissions` VALUES ('198', '408');
INSERT INTO `rbac_linked_permissions` VALUES ('198', '409');
INSERT INTO `rbac_linked_permissions` VALUES ('198', '410');
INSERT INTO `rbac_linked_permissions` VALUES ('198', '411');
INSERT INTO `rbac_linked_permissions` VALUES ('198', '412');
INSERT INTO `rbac_linked_permissions` VALUES ('198', '413');
INSERT INTO `rbac_linked_permissions` VALUES ('198', '414');
INSERT INTO `rbac_linked_permissions` VALUES ('198', '415');
INSERT INTO `rbac_linked_permissions` VALUES ('198', '416');
INSERT INTO `rbac_linked_permissions` VALUES ('198', '430');
INSERT INTO `rbac_linked_permissions` VALUES ('198', '431');
INSERT INTO `rbac_linked_permissions` VALUES ('198', '432');
INSERT INTO `rbac_linked_permissions` VALUES ('198', '433');
INSERT INTO `rbac_linked_permissions` VALUES ('198', '462');
INSERT INTO `rbac_linked_permissions` VALUES ('198', '466');
INSERT INTO `rbac_linked_permissions` VALUES ('198', '467');
INSERT INTO `rbac_linked_permissions` VALUES ('198', '468');
INSERT INTO `rbac_linked_permissions` VALUES ('198', '469');
INSERT INTO `rbac_linked_permissions` VALUES ('198', '470');
INSERT INTO `rbac_linked_permissions` VALUES ('198', '471');
INSERT INTO `rbac_linked_permissions` VALUES ('198', '483');
INSERT INTO `rbac_linked_permissions` VALUES ('198', '484');
INSERT INTO `rbac_linked_permissions` VALUES ('198', '490');
INSERT INTO `rbac_linked_permissions` VALUES ('198', '504');
INSERT INTO `rbac_linked_permissions` VALUES ('198', '512');
INSERT INTO `rbac_linked_permissions` VALUES ('198', '515');
INSERT INTO `rbac_linked_permissions` VALUES ('198', '520');
INSERT INTO `rbac_linked_permissions` VALUES ('198', '524');
INSERT INTO `rbac_linked_permissions` VALUES ('198', '528');
INSERT INTO `rbac_linked_permissions` VALUES ('198', '531');
INSERT INTO `rbac_linked_permissions` VALUES ('198', '532');
INSERT INTO `rbac_linked_permissions` VALUES ('198', '544');
INSERT INTO `rbac_linked_permissions` VALUES ('198', '545');
INSERT INTO `rbac_linked_permissions` VALUES ('198', '546');
INSERT INTO `rbac_linked_permissions` VALUES ('198', '547');
INSERT INTO `rbac_linked_permissions` VALUES ('198', '548');
INSERT INTO `rbac_linked_permissions` VALUES ('198', '549');
INSERT INTO `rbac_linked_permissions` VALUES ('198', '551');
INSERT INTO `rbac_linked_permissions` VALUES ('198', '552');
INSERT INTO `rbac_linked_permissions` VALUES ('198', '553');
INSERT INTO `rbac_linked_permissions` VALUES ('198', '554');
INSERT INTO `rbac_linked_permissions` VALUES ('198', '555');
INSERT INTO `rbac_linked_permissions` VALUES ('198', '557');
INSERT INTO `rbac_linked_permissions` VALUES ('198', '559');
INSERT INTO `rbac_linked_permissions` VALUES ('198', '560');
INSERT INTO `rbac_linked_permissions` VALUES ('198', '561');
INSERT INTO `rbac_linked_permissions` VALUES ('198', '562');
INSERT INTO `rbac_linked_permissions` VALUES ('198', '563');
INSERT INTO `rbac_linked_permissions` VALUES ('198', '564');
INSERT INTO `rbac_linked_permissions` VALUES ('198', '565');
INSERT INTO `rbac_linked_permissions` VALUES ('198', '566');
INSERT INTO `rbac_linked_permissions` VALUES ('198', '567');
INSERT INTO `rbac_linked_permissions` VALUES ('198', '569');
INSERT INTO `rbac_linked_permissions` VALUES ('198', '570');
INSERT INTO `rbac_linked_permissions` VALUES ('198', '597');
INSERT INTO `rbac_linked_permissions` VALUES ('198', '598');
INSERT INTO `rbac_linked_permissions` VALUES ('198', '599');
INSERT INTO `rbac_linked_permissions` VALUES ('198', '600');
INSERT INTO `rbac_linked_permissions` VALUES ('198', '737');
INSERT INTO `rbac_linked_permissions` VALUES ('198', '740');
INSERT INTO `rbac_linked_permissions` VALUES ('198', '741');
INSERT INTO `rbac_linked_permissions` VALUES ('198', '742');
INSERT INTO `rbac_linked_permissions` VALUES ('198', '799');
INSERT INTO `rbac_linked_permissions` VALUES ('198', '800');
INSERT INTO `rbac_linked_permissions` VALUES ('198', '801');
INSERT INTO `rbac_linked_permissions` VALUES ('198', '802');
INSERT INTO `rbac_linked_permissions` VALUES ('198', '803');
INSERT INTO `rbac_linked_permissions` VALUES ('198', '804');
INSERT INTO `rbac_linked_permissions` VALUES ('198', '806');
INSERT INTO `rbac_linked_permissions` VALUES ('198', '807');
INSERT INTO `rbac_linked_permissions` VALUES ('198', '808');
INSERT INTO `rbac_linked_permissions` VALUES ('198', '810');
INSERT INTO `rbac_linked_permissions` VALUES ('198', '812');
INSERT INTO `rbac_linked_permissions` VALUES ('198', '814');
INSERT INTO `rbac_linked_permissions` VALUES ('198', '815');
INSERT INTO `rbac_linked_permissions` VALUES ('198', '816');
INSERT INTO `rbac_linked_permissions` VALUES ('198', '818');
INSERT INTO `rbac_linked_permissions` VALUES ('198', '820');
INSERT INTO `rbac_linked_permissions` VALUES ('198', '822');
INSERT INTO `rbac_linked_permissions` VALUES ('198', '823');
INSERT INTO `rbac_linked_permissions` VALUES ('198', '824');
INSERT INTO `rbac_linked_permissions` VALUES ('198', '826');
INSERT INTO `rbac_linked_permissions` VALUES ('198', '828');
INSERT INTO `rbac_linked_permissions` VALUES ('198', '834');
INSERT INTO `rbac_linked_permissions` VALUES ('198', '852');
INSERT INTO `rbac_linked_permissions` VALUES ('198', '868');
INSERT INTO `rbac_linked_permissions` VALUES ('199', '207');
INSERT INTO `rbac_linked_permissions` VALUES ('199', '209');
INSERT INTO `rbac_linked_permissions` VALUES ('199', '210');
INSERT INTO `rbac_linked_permissions` VALUES ('199', '211');
INSERT INTO `rbac_linked_permissions` VALUES ('199', '217');
INSERT INTO `rbac_linked_permissions` VALUES ('199', '221');
INSERT INTO `rbac_linked_permissions` VALUES ('199', '222');
INSERT INTO `rbac_linked_permissions` VALUES ('199', '223');
INSERT INTO `rbac_linked_permissions` VALUES ('199', '225');
INSERT INTO `rbac_linked_permissions` VALUES ('199', '263');
INSERT INTO `rbac_linked_permissions` VALUES ('199', '496');
INSERT INTO `rbac_linked_permissions` VALUES ('199', '501');
INSERT INTO `rbac_linked_permissions` VALUES ('199', '507');
INSERT INTO `rbac_linked_permissions` VALUES ('199', '525');
INSERT INTO `rbac_linked_permissions` VALUES ('199', '534');
INSERT INTO `rbac_linked_permissions` VALUES ('199', '797');

-- ----------------------------
-- Table structure for rbac_permissions
-- ----------------------------
DROP TABLE IF EXISTS `rbac_permissions`;
CREATE TABLE `rbac_permissions` (
  `id` int(10) unsigned NOT NULL DEFAULT '0' COMMENT 'Permission id',
  `name` varchar(100) NOT NULL COMMENT 'Permission name',
  PRIMARY KEY (`id`)
) ENGINE=InnoDB DEFAULT CHARSET=utf8 COMMENT='Permission List';

-- ----------------------------
-- Records of rbac_permissions
-- ----------------------------
INSERT INTO `rbac_permissions` VALUES ('1', 'Instant logout');
INSERT INTO `rbac_permissions` VALUES ('2', 'Skip Queue');
INSERT INTO `rbac_permissions` VALUES ('3', 'Join Normal Battleground');
INSERT INTO `rbac_permissions` VALUES ('4', 'Join Random Battleground');
INSERT INTO `rbac_permissions` VALUES ('5', 'Join Arenas');
INSERT INTO `rbac_permissions` VALUES ('6', 'Join Dungeon Finder');
INSERT INTO `rbac_permissions` VALUES ('10', 'Use character templates');
INSERT INTO `rbac_permissions` VALUES ('11', 'Log GM trades');
INSERT INTO `rbac_permissions` VALUES ('12', 'Skip character creation demon hunter min level check');
INSERT INTO `rbac_permissions` VALUES ('13', 'Skip Instance required bosses check');
INSERT INTO `rbac_permissions` VALUES ('14', 'Skip character creation team mask check');
INSERT INTO `rbac_permissions` VALUES ('15', 'Skip character creation class mask check');
INSERT INTO `rbac_permissions` VALUES ('16', 'Skip character creation race mask check');
INSERT INTO `rbac_permissions` VALUES ('17', 'Skip character creation reserved name check');
INSERT INTO `rbac_permissions` VALUES ('18', 'Skip character creation death knight min level check');
INSERT INTO `rbac_permissions` VALUES ('19', 'Skip needed requirements to use channel check');
INSERT INTO `rbac_permissions` VALUES ('20', 'Skip disable map check');
INSERT INTO `rbac_permissions` VALUES ('21', 'Skip reset talents when used more than allowed check');
INSERT INTO `rbac_permissions` VALUES ('22', 'Skip spam chat check');
INSERT INTO `rbac_permissions` VALUES ('23', 'Skip over-speed ping check');
INSERT INTO `rbac_permissions` VALUES ('24', 'Two side faction characters on the same account');
INSERT INTO `rbac_permissions` VALUES ('25', 'Allow say chat between factions');
INSERT INTO `rbac_permissions` VALUES ('26', 'Allow channel chat between factions');
INSERT INTO `rbac_permissions` VALUES ('27', 'Two side mail interaction');
INSERT INTO `rbac_permissions` VALUES ('28', 'See two side who list');
INSERT INTO `rbac_permissions` VALUES ('29', 'Add friends of other faction');
INSERT INTO `rbac_permissions` VALUES ('30', 'Save character without delay with .save command');
INSERT INTO `rbac_permissions` VALUES ('31', 'Use params with .unstuck command');
INSERT INTO `rbac_permissions` VALUES ('32', 'Can be assigned tickets with .assign ticket command');
INSERT INTO `rbac_permissions` VALUES ('33', 'Notify if a command was not found');
INSERT INTO `rbac_permissions` VALUES ('34', 'Check if should appear in list using .gm ingame command');
INSERT INTO `rbac_permissions` VALUES ('35', 'See all security levels with who command');
INSERT INTO `rbac_permissions` VALUES ('36', 'Filter whispers');
INSERT INTO `rbac_permissions` VALUES ('37', 'Use staff badge in chat');
INSERT INTO `rbac_permissions` VALUES ('38', 'Resurrect with full Health Points');
INSERT INTO `rbac_permissions` VALUES ('39', 'Restore saved gm setting states');
INSERT INTO `rbac_permissions` VALUES ('40', 'Allows to add a gm to friend list');
INSERT INTO `rbac_permissions` VALUES ('41', 'Use Config option START_GM_LEVEL to assign new character level');
INSERT INTO `rbac_permissions` VALUES ('42', 'Allows to use CMSG_WORLD_TELEPORT opcode');
INSERT INTO `rbac_permissions` VALUES ('43', 'Allows to use CMSG_WHOIS opcode');
INSERT INTO `rbac_permissions` VALUES ('44', 'Receive global GM messages/texts');
INSERT INTO `rbac_permissions` VALUES ('45', 'Join channels without announce');
INSERT INTO `rbac_permissions` VALUES ('46', 'Change channel settings without being channel moderator');
INSERT INTO `rbac_permissions` VALUES ('47', 'Enables lower security than target check');
INSERT INTO `rbac_permissions` VALUES ('48', 'Enable IP, Last Login and EMail output in pinfo');
INSERT INTO `rbac_permissions` VALUES ('49', 'Forces to enter the email for confirmation on password change');
INSERT INTO `rbac_permissions` VALUES ('50', 'Allow user to check his own email with .account');
INSERT INTO `rbac_permissions` VALUES ('51', 'Allow trading between factions');
INSERT INTO `rbac_permissions` VALUES ('192', 'Role: Sec Level Administrator');
INSERT INTO `rbac_permissions` VALUES ('193', 'Role: Sec Level Gamemaster');
INSERT INTO `rbac_permissions` VALUES ('194', 'Role: Sec Level Moderator');
INSERT INTO `rbac_permissions` VALUES ('195', 'Role: Sec Level Player');
INSERT INTO `rbac_permissions` VALUES ('196', 'Role: Administrator Commands');
INSERT INTO `rbac_permissions` VALUES ('197', 'Role: Gamemaster Commands');
INSERT INTO `rbac_permissions` VALUES ('198', 'Role: Moderator Commands');
INSERT INTO `rbac_permissions` VALUES ('199', 'Role: Player Commands');
INSERT INTO `rbac_permissions` VALUES ('200', 'Command: rbac');
INSERT INTO `rbac_permissions` VALUES ('201', 'Command: rbac account');
INSERT INTO `rbac_permissions` VALUES ('202', 'Command: rbac account list');
INSERT INTO `rbac_permissions` VALUES ('203', 'Command: rbac account grant');
INSERT INTO `rbac_permissions` VALUES ('204', 'Command: rbac account deny');
INSERT INTO `rbac_permissions` VALUES ('205', 'Command: rbac account revoke');
INSERT INTO `rbac_permissions` VALUES ('206', 'Command: rbac list');
INSERT INTO `rbac_permissions` VALUES ('207', 'Command: battlenetaccount');
INSERT INTO `rbac_permissions` VALUES ('208', 'Command: battlenetaccount create');
INSERT INTO `rbac_permissions` VALUES ('209', 'Command: battlenetaccount lock country');
INSERT INTO `rbac_permissions` VALUES ('210', 'Command: battlenetaccount lock ip');
INSERT INTO `rbac_permissions` VALUES ('211', 'Command: battlenetaccount password');
INSERT INTO `rbac_permissions` VALUES ('212', 'Command: battlenetaccount set');
INSERT INTO `rbac_permissions` VALUES ('213', 'Command: battlenetaccount set password');
INSERT INTO `rbac_permissions` VALUES ('214', 'Command: bnetaccount link');
INSERT INTO `rbac_permissions` VALUES ('215', 'Command: bnetaccount unlink');
INSERT INTO `rbac_permissions` VALUES ('216', 'Command: bnetaccount gameaccountcreate');
INSERT INTO `rbac_permissions` VALUES ('217', 'Command: account');
INSERT INTO `rbac_permissions` VALUES ('218', 'Command: account addon');
INSERT INTO `rbac_permissions` VALUES ('219', 'Command: account create');
INSERT INTO `rbac_permissions` VALUES ('220', 'Command: account delete');
INSERT INTO `rbac_permissions` VALUES ('221', 'Command: account lock');
INSERT INTO `rbac_permissions` VALUES ('222', 'Command: account lock country');
INSERT INTO `rbac_permissions` VALUES ('223', 'Command: account lock ip');
INSERT INTO `rbac_permissions` VALUES ('224', 'Command: account onlinelist');
INSERT INTO `rbac_permissions` VALUES ('225', 'Command: account password');
INSERT INTO `rbac_permissions` VALUES ('226', 'Command: account set');
INSERT INTO `rbac_permissions` VALUES ('227', 'Command: account set addon');
INSERT INTO `rbac_permissions` VALUES ('228', 'Command: account set gmlevel');
INSERT INTO `rbac_permissions` VALUES ('229', 'Command: account set password');
INSERT INTO `rbac_permissions` VALUES ('230', 'Command: achievement');
INSERT INTO `rbac_permissions` VALUES ('231', 'Command: achievement add');
INSERT INTO `rbac_permissions` VALUES ('232', 'Command: arena');
INSERT INTO `rbac_permissions` VALUES ('233', 'Command: arena captain');
INSERT INTO `rbac_permissions` VALUES ('234', 'Command: arena create');
INSERT INTO `rbac_permissions` VALUES ('235', 'Command: arena disband');
INSERT INTO `rbac_permissions` VALUES ('236', 'Command: arena info');
INSERT INTO `rbac_permissions` VALUES ('237', 'Command: arena lookup');
INSERT INTO `rbac_permissions` VALUES ('238', 'Command: arena rename');
INSERT INTO `rbac_permissions` VALUES ('239', 'Command: ban');
INSERT INTO `rbac_permissions` VALUES ('240', 'Command: ban account');
INSERT INTO `rbac_permissions` VALUES ('241', 'Command: ban character');
INSERT INTO `rbac_permissions` VALUES ('242', 'Command: ban ip');
INSERT INTO `rbac_permissions` VALUES ('243', 'Command: ban playeraccount');
INSERT INTO `rbac_permissions` VALUES ('244', 'Command: baninfo');
INSERT INTO `rbac_permissions` VALUES ('245', 'Command: baninfo account');
INSERT INTO `rbac_permissions` VALUES ('246', 'Command: baninfo character');
INSERT INTO `rbac_permissions` VALUES ('247', 'Command: baninfo ip');
INSERT INTO `rbac_permissions` VALUES ('248', 'Command: banlist');
INSERT INTO `rbac_permissions` VALUES ('249', 'Command: banlist account');
INSERT INTO `rbac_permissions` VALUES ('250', 'Command: banlist character');
INSERT INTO `rbac_permissions` VALUES ('251', 'Command: banlist ip');
INSERT INTO `rbac_permissions` VALUES ('252', 'Command: unban');
INSERT INTO `rbac_permissions` VALUES ('253', 'Command: unban account');
INSERT INTO `rbac_permissions` VALUES ('254', 'Command: unban character');
INSERT INTO `rbac_permissions` VALUES ('255', 'Command: unban ip');
INSERT INTO `rbac_permissions` VALUES ('256', 'Command: unban playeraccount');
INSERT INTO `rbac_permissions` VALUES ('257', 'Command: bf');
INSERT INTO `rbac_permissions` VALUES ('258', 'Command: bf start');
INSERT INTO `rbac_permissions` VALUES ('259', 'Command: bf stop');
INSERT INTO `rbac_permissions` VALUES ('260', 'Command: bf switch');
INSERT INTO `rbac_permissions` VALUES ('261', 'Command: bf timer');
INSERT INTO `rbac_permissions` VALUES ('262', 'Command: bf enable');
INSERT INTO `rbac_permissions` VALUES ('263', 'Command: account email');
INSERT INTO `rbac_permissions` VALUES ('264', 'Command: account set sec');
INSERT INTO `rbac_permissions` VALUES ('265', 'Command: account set sec email');
INSERT INTO `rbac_permissions` VALUES ('266', 'Command: account set sec regmail');
INSERT INTO `rbac_permissions` VALUES ('267', 'Command: cast');
INSERT INTO `rbac_permissions` VALUES ('268', 'Command: cast back');
INSERT INTO `rbac_permissions` VALUES ('269', 'Command: cast dist');
INSERT INTO `rbac_permissions` VALUES ('270', 'Command: cast self');
INSERT INTO `rbac_permissions` VALUES ('271', 'Command: cast target');
INSERT INTO `rbac_permissions` VALUES ('272', 'Command: cast dest');
INSERT INTO `rbac_permissions` VALUES ('273', 'Command: character');
INSERT INTO `rbac_permissions` VALUES ('274', 'Command: character customize');
INSERT INTO `rbac_permissions` VALUES ('275', 'Command: character changefaction');
INSERT INTO `rbac_permissions` VALUES ('276', 'Command: character changerace');
INSERT INTO `rbac_permissions` VALUES ('277', 'Command: character deleted');
INSERT INTO `rbac_permissions` VALUES ('279', 'Command: character deleted list');
INSERT INTO `rbac_permissions` VALUES ('280', 'Command: character deleted restore');
INSERT INTO `rbac_permissions` VALUES ('283', 'Command: character level');
INSERT INTO `rbac_permissions` VALUES ('284', 'Command: character rename');
INSERT INTO `rbac_permissions` VALUES ('285', 'Command: character reputation');
INSERT INTO `rbac_permissions` VALUES ('286', 'Command: character titles');
INSERT INTO `rbac_permissions` VALUES ('287', 'Command: levelup');
INSERT INTO `rbac_permissions` VALUES ('288', 'Command: pdump');
INSERT INTO `rbac_permissions` VALUES ('289', 'Command: pdump load');
INSERT INTO `rbac_permissions` VALUES ('290', 'Command: pdump write');
INSERT INTO `rbac_permissions` VALUES ('291', 'Command: cheat');
INSERT INTO `rbac_permissions` VALUES ('292', 'Command: cheat casttime');
INSERT INTO `rbac_permissions` VALUES ('293', 'Command: cheat cooldown');
INSERT INTO `rbac_permissions` VALUES ('294', 'Command: cheat explore');
INSERT INTO `rbac_permissions` VALUES ('295', 'Command: cheat god');
INSERT INTO `rbac_permissions` VALUES ('296', 'Command: cheat power');
INSERT INTO `rbac_permissions` VALUES ('297', 'Command: cheat status');
INSERT INTO `rbac_permissions` VALUES ('298', 'Command: cheat taxi');
INSERT INTO `rbac_permissions` VALUES ('299', 'Command: cheat waterwalk');
INSERT INTO `rbac_permissions` VALUES ('300', 'Command: debug');
INSERT INTO `rbac_permissions` VALUES ('301', 'Command: debug anim');
INSERT INTO `rbac_permissions` VALUES ('302', 'Command: debug areatriggers');
INSERT INTO `rbac_permissions` VALUES ('303', 'Command: debug arena');
INSERT INTO `rbac_permissions` VALUES ('304', 'Command: debug bg');
INSERT INTO `rbac_permissions` VALUES ('305', 'Command: debug entervehicle');
INSERT INTO `rbac_permissions` VALUES ('306', 'Command: debug getitemstate');
INSERT INTO `rbac_permissions` VALUES ('307', 'Command: debug getitemvalue');
INSERT INTO `rbac_permissions` VALUES ('308', 'Command: debug getvalue');
INSERT INTO `rbac_permissions` VALUES ('309', 'Command: debug hostil');
INSERT INTO `rbac_permissions` VALUES ('310', 'Command: debug itemexpire');
INSERT INTO `rbac_permissions` VALUES ('311', 'Command: debug lootrecipient');
INSERT INTO `rbac_permissions` VALUES ('312', 'Command: debug los');
INSERT INTO `rbac_permissions` VALUES ('313', 'Command: debug mod32value');
INSERT INTO `rbac_permissions` VALUES ('314', 'Command: debug moveflags');
INSERT INTO `rbac_permissions` VALUES ('315', 'Command: debug play');
INSERT INTO `rbac_permissions` VALUES ('316', 'Command: debug play cinematics');
INSERT INTO `rbac_permissions` VALUES ('317', 'Command: debug play movie');
INSERT INTO `rbac_permissions` VALUES ('318', 'Command: debug play sound');
INSERT INTO `rbac_permissions` VALUES ('319', 'Command: debug send');
INSERT INTO `rbac_permissions` VALUES ('320', 'Command: debug send buyerror');
INSERT INTO `rbac_permissions` VALUES ('321', 'Command: debug send channelnotify');
INSERT INTO `rbac_permissions` VALUES ('322', 'Command: debug send chatmessage');
INSERT INTO `rbac_permissions` VALUES ('323', 'Command: debug send equiperror');
INSERT INTO `rbac_permissions` VALUES ('324', 'Command: debug send largepacket');
INSERT INTO `rbac_permissions` VALUES ('325', 'Command: debug send opcode');
INSERT INTO `rbac_permissions` VALUES ('326', 'Command: debug send qinvalidmsg');
INSERT INTO `rbac_permissions` VALUES ('327', 'Command: debug send qpartymsg');
INSERT INTO `rbac_permissions` VALUES ('328', 'Command: debug send sellerror');
INSERT INTO `rbac_permissions` VALUES ('329', 'Command: debug send setphaseshift');
INSERT INTO `rbac_permissions` VALUES ('330', 'Command: debug send spellfail');
INSERT INTO `rbac_permissions` VALUES ('331', 'Command: debug setaurastate');
INSERT INTO `rbac_permissions` VALUES ('332', 'Command: debug setbit');
INSERT INTO `rbac_permissions` VALUES ('333', 'Command: debug setitemvalue');
INSERT INTO `rbac_permissions` VALUES ('334', 'Command: debug setvalue');
INSERT INTO `rbac_permissions` VALUES ('335', 'Command: debug setvid');
INSERT INTO `rbac_permissions` VALUES ('336', 'Command: debug spawnvehicle');
INSERT INTO `rbac_permissions` VALUES ('337', 'Command: debug threat');
INSERT INTO `rbac_permissions` VALUES ('338', 'Command: debug update');
INSERT INTO `rbac_permissions` VALUES ('339', 'Command: debug uws');
INSERT INTO `rbac_permissions` VALUES ('340', 'Command: wpgps');
INSERT INTO `rbac_permissions` VALUES ('341', 'Command: deserter');
INSERT INTO `rbac_permissions` VALUES ('342', 'Command: deserter bg');
INSERT INTO `rbac_permissions` VALUES ('343', 'Command: deserter bg add');
INSERT INTO `rbac_permissions` VALUES ('344', 'Command: deserter bg remove');
INSERT INTO `rbac_permissions` VALUES ('345', 'Command: deserter instance');
INSERT INTO `rbac_permissions` VALUES ('346', 'Command: deserter instance add');
INSERT INTO `rbac_permissions` VALUES ('347', 'Command: deserter instance remove');
INSERT INTO `rbac_permissions` VALUES ('348', 'Command: disable');
INSERT INTO `rbac_permissions` VALUES ('349', 'Command: disable add');
INSERT INTO `rbac_permissions` VALUES ('350', 'Command: disable add criteria');
INSERT INTO `rbac_permissions` VALUES ('351', 'Command: disable add battleground');
INSERT INTO `rbac_permissions` VALUES ('352', 'Command: disable add map');
INSERT INTO `rbac_permissions` VALUES ('353', 'Command: disable add mmap');
INSERT INTO `rbac_permissions` VALUES ('354', 'Command: disable add outdoorpvp');
INSERT INTO `rbac_permissions` VALUES ('355', 'Command: disable add quest');
INSERT INTO `rbac_permissions` VALUES ('356', 'Command: disable add spell');
INSERT INTO `rbac_permissions` VALUES ('357', 'Command: disable add vmap');
INSERT INTO `rbac_permissions` VALUES ('358', 'Command: disable remove');
INSERT INTO `rbac_permissions` VALUES ('359', 'Command: disable remove criteria');
INSERT INTO `rbac_permissions` VALUES ('360', 'Command: disable remove battleground');
INSERT INTO `rbac_permissions` VALUES ('361', 'Command: disable remove map');
INSERT INTO `rbac_permissions` VALUES ('362', 'Command: disable remove mmap');
INSERT INTO `rbac_permissions` VALUES ('363', 'Command: disable remove outdoorpvp');
INSERT INTO `rbac_permissions` VALUES ('364', 'Command: disable remove quest');
INSERT INTO `rbac_permissions` VALUES ('365', 'Command: disable remove spell');
INSERT INTO `rbac_permissions` VALUES ('366', 'Command: disable remove vmap');
INSERT INTO `rbac_permissions` VALUES ('367', 'Command: event info');
INSERT INTO `rbac_permissions` VALUES ('368', 'Command: event activelist');
INSERT INTO `rbac_permissions` VALUES ('369', 'Command: event start');
INSERT INTO `rbac_permissions` VALUES ('370', 'Command: event stop');
INSERT INTO `rbac_permissions` VALUES ('371', 'Command: gm');
INSERT INTO `rbac_permissions` VALUES ('372', 'Command: gm chat');
INSERT INTO `rbac_permissions` VALUES ('373', 'Command: gm fly');
INSERT INTO `rbac_permissions` VALUES ('374', 'Command: gm ingame');
INSERT INTO `rbac_permissions` VALUES ('375', 'Command: gm list');
INSERT INTO `rbac_permissions` VALUES ('376', 'Command: gm visible');
INSERT INTO `rbac_permissions` VALUES ('377', 'Command: go');
INSERT INTO `rbac_permissions` VALUES ('378', 'Command: go creature');
INSERT INTO `rbac_permissions` VALUES ('379', 'Command: go graveyard');
INSERT INTO `rbac_permissions` VALUES ('380', 'Command: go grid');
INSERT INTO `rbac_permissions` VALUES ('381', 'Command: go object');
INSERT INTO `rbac_permissions` VALUES ('382', 'Command: go taxinode');
INSERT INTO `rbac_permissions` VALUES ('384', 'Command: go trigger');
INSERT INTO `rbac_permissions` VALUES ('385', 'Command: go xyz');
INSERT INTO `rbac_permissions` VALUES ('386', 'Command: go zonexy');
INSERT INTO `rbac_permissions` VALUES ('387', 'Command: gobject');
INSERT INTO `rbac_permissions` VALUES ('388', 'Command: gobject activate');
INSERT INTO `rbac_permissions` VALUES ('389', 'Command: gobject add');
INSERT INTO `rbac_permissions` VALUES ('390', 'Command: gobject add temp');
INSERT INTO `rbac_permissions` VALUES ('391', 'Command: gobject delete');
INSERT INTO `rbac_permissions` VALUES ('392', 'Command: gobject info');
INSERT INTO `rbac_permissions` VALUES ('393', 'Command: gobject move');
INSERT INTO `rbac_permissions` VALUES ('394', 'Command: gobject near');
INSERT INTO `rbac_permissions` VALUES ('395', 'Command: gobject set');
INSERT INTO `rbac_permissions` VALUES ('396', 'Command: gobject set phase');
INSERT INTO `rbac_permissions` VALUES ('397', 'Command: gobject set state');
INSERT INTO `rbac_permissions` VALUES ('398', 'Command: gobject target');
INSERT INTO `rbac_permissions` VALUES ('399', 'Command: gobject turn');
INSERT INTO `rbac_permissions` VALUES ('400', 'debug transport');
INSERT INTO `rbac_permissions` VALUES ('401', 'Command: guild');
INSERT INTO `rbac_permissions` VALUES ('402', 'Command: guild create');
INSERT INTO `rbac_permissions` VALUES ('403', 'Command: guild delete');
INSERT INTO `rbac_permissions` VALUES ('404', 'Command: guild invite');
INSERT INTO `rbac_permissions` VALUES ('405', 'Command: guild uninvite');
INSERT INTO `rbac_permissions` VALUES ('406', 'Command: guild rank');
INSERT INTO `rbac_permissions` VALUES ('407', 'Command: guild rename');
INSERT INTO `rbac_permissions` VALUES ('408', 'Command: honor');
INSERT INTO `rbac_permissions` VALUES ('409', 'Command: honor add');
INSERT INTO `rbac_permissions` VALUES ('410', 'Command: honor add kill');
INSERT INTO `rbac_permissions` VALUES ('411', 'Command: honor update');
INSERT INTO `rbac_permissions` VALUES ('412', 'Command: instance');
INSERT INTO `rbac_permissions` VALUES ('413', 'Command: instance listbinds');
INSERT INTO `rbac_permissions` VALUES ('414', 'Command: instance unbind');
INSERT INTO `rbac_permissions` VALUES ('415', 'Command: instance stats');
INSERT INTO `rbac_permissions` VALUES ('416', 'Command: instance savedata');
INSERT INTO `rbac_permissions` VALUES ('417', 'Command: learn');
INSERT INTO `rbac_permissions` VALUES ('418', 'Command: learn all');
INSERT INTO `rbac_permissions` VALUES ('419', 'Command: learn all my');
INSERT INTO `rbac_permissions` VALUES ('420', 'Command: learn all my class');
INSERT INTO `rbac_permissions` VALUES ('421', 'Command: learn all my pettalents');
INSERT INTO `rbac_permissions` VALUES ('422', 'Command: learn all my spells');
INSERT INTO `rbac_permissions` VALUES ('423', 'Command: learn all my talents');
INSERT INTO `rbac_permissions` VALUES ('424', 'Command: learn all gm');
INSERT INTO `rbac_permissions` VALUES ('425', 'Command: learn all crafts');
INSERT INTO `rbac_permissions` VALUES ('426', 'Command: learn all default');
INSERT INTO `rbac_permissions` VALUES ('427', 'Command: learn all lang');
INSERT INTO `rbac_permissions` VALUES ('428', 'Command: learn all recipes');
INSERT INTO `rbac_permissions` VALUES ('429', 'Command: unlearn');
INSERT INTO `rbac_permissions` VALUES ('430', 'Command: lfg');
INSERT INTO `rbac_permissions` VALUES ('431', 'Command: lfg player');
INSERT INTO `rbac_permissions` VALUES ('432', 'Command: lfg group');
INSERT INTO `rbac_permissions` VALUES ('433', 'Command: lfg queue');
INSERT INTO `rbac_permissions` VALUES ('434', 'Command: lfg clean');
INSERT INTO `rbac_permissions` VALUES ('435', 'Command: lfg options');
INSERT INTO `rbac_permissions` VALUES ('436', 'Command: list');
INSERT INTO `rbac_permissions` VALUES ('437', 'Command: list creature');
INSERT INTO `rbac_permissions` VALUES ('438', 'Command: list item');
INSERT INTO `rbac_permissions` VALUES ('439', 'Command: list object');
INSERT INTO `rbac_permissions` VALUES ('440', 'Command: list auras');
INSERT INTO `rbac_permissions` VALUES ('441', 'Command: list mail');
INSERT INTO `rbac_permissions` VALUES ('442', 'Command: lookup');
INSERT INTO `rbac_permissions` VALUES ('443', 'Command: lookup area');
INSERT INTO `rbac_permissions` VALUES ('444', 'Command: lookup creature');
INSERT INTO `rbac_permissions` VALUES ('445', 'Command: lookup event');
INSERT INTO `rbac_permissions` VALUES ('446', 'Command: lookup faction');
INSERT INTO `rbac_permissions` VALUES ('447', 'Command: lookup item');
INSERT INTO `rbac_permissions` VALUES ('448', 'Command: lookup itemset');
INSERT INTO `rbac_permissions` VALUES ('449', 'Command: lookup object');
INSERT INTO `rbac_permissions` VALUES ('450', 'Command: lookup quest');
INSERT INTO `rbac_permissions` VALUES ('451', 'Command: lookup player');
INSERT INTO `rbac_permissions` VALUES ('452', 'Command: lookup player ip');
INSERT INTO `rbac_permissions` VALUES ('453', 'Command: lookup player account');
INSERT INTO `rbac_permissions` VALUES ('454', 'Command: lookup player email');
INSERT INTO `rbac_permissions` VALUES ('455', 'Command: lookup skill');
INSERT INTO `rbac_permissions` VALUES ('456', 'Command: lookup spell');
INSERT INTO `rbac_permissions` VALUES ('457', 'Command: lookup spell id');
INSERT INTO `rbac_permissions` VALUES ('458', 'Command: lookup taxinode');
INSERT INTO `rbac_permissions` VALUES ('459', 'Command: lookup tele');
INSERT INTO `rbac_permissions` VALUES ('460', 'Command: lookup title');
INSERT INTO `rbac_permissions` VALUES ('461', 'Command: lookup map');
INSERT INTO `rbac_permissions` VALUES ('462', 'Command: announce');
INSERT INTO `rbac_permissions` VALUES ('463', 'Command: channel');
INSERT INTO `rbac_permissions` VALUES ('464', 'Command: channel set');
INSERT INTO `rbac_permissions` VALUES ('465', 'Command: channel set ownership');
INSERT INTO `rbac_permissions` VALUES ('466', 'Command: gmannounce');
INSERT INTO `rbac_permissions` VALUES ('467', 'Command: gmnameannounce');
INSERT INTO `rbac_permissions` VALUES ('468', 'Command: gmnotify');
INSERT INTO `rbac_permissions` VALUES ('469', 'Command: nameannounce');
INSERT INTO `rbac_permissions` VALUES ('470', 'Command: notify');
INSERT INTO `rbac_permissions` VALUES ('471', 'Command: whispers');
INSERT INTO `rbac_permissions` VALUES ('472', 'Command: group');
INSERT INTO `rbac_permissions` VALUES ('473', 'Command: group leader');
INSERT INTO `rbac_permissions` VALUES ('474', 'Command: group disband');
INSERT INTO `rbac_permissions` VALUES ('475', 'Command: group remove');
INSERT INTO `rbac_permissions` VALUES ('476', 'Command: group join');
INSERT INTO `rbac_permissions` VALUES ('477', 'Command: group list');
INSERT INTO `rbac_permissions` VALUES ('478', 'Command: group summon');
INSERT INTO `rbac_permissions` VALUES ('479', 'Command: pet');
INSERT INTO `rbac_permissions` VALUES ('480', 'Command: pet create');
INSERT INTO `rbac_permissions` VALUES ('481', 'Command: pet learn');
INSERT INTO `rbac_permissions` VALUES ('482', 'Command: pet unlearn');
INSERT INTO `rbac_permissions` VALUES ('483', 'Command: send');
INSERT INTO `rbac_permissions` VALUES ('484', 'Command: send items');
INSERT INTO `rbac_permissions` VALUES ('485', 'Command: send mail');
INSERT INTO `rbac_permissions` VALUES ('486', 'Command: send message');
INSERT INTO `rbac_permissions` VALUES ('487', 'Command: send money');
INSERT INTO `rbac_permissions` VALUES ('488', 'Command: additem');
INSERT INTO `rbac_permissions` VALUES ('489', 'Command: additemset');
INSERT INTO `rbac_permissions` VALUES ('490', 'Command: appear');
INSERT INTO `rbac_permissions` VALUES ('491', 'Command: aura');
INSERT INTO `rbac_permissions` VALUES ('492', 'Command: bank');
INSERT INTO `rbac_permissions` VALUES ('493', 'Command: bindsight');
INSERT INTO `rbac_permissions` VALUES ('494', 'Command: combatstop');
INSERT INTO `rbac_permissions` VALUES ('495', 'Command: cometome');
INSERT INTO `rbac_permissions` VALUES ('496', 'Command: commands');
INSERT INTO `rbac_permissions` VALUES ('497', 'Command: cooldown');
INSERT INTO `rbac_permissions` VALUES ('498', 'Command: damage');
INSERT INTO `rbac_permissions` VALUES ('499', 'Command: dev');
INSERT INTO `rbac_permissions` VALUES ('500', 'Command: die');
INSERT INTO `rbac_permissions` VALUES ('501', 'Command: dismount');
INSERT INTO `rbac_permissions` VALUES ('502', 'Command: distance');
INSERT INTO `rbac_permissions` VALUES ('503', 'Command: flusharenapoints');
INSERT INTO `rbac_permissions` VALUES ('504', 'Command: freeze');
INSERT INTO `rbac_permissions` VALUES ('505', 'Command: gps');
INSERT INTO `rbac_permissions` VALUES ('506', 'Command: guid');
INSERT INTO `rbac_permissions` VALUES ('507', 'Command: help');
INSERT INTO `rbac_permissions` VALUES ('508', 'Command: hidearea');
INSERT INTO `rbac_permissions` VALUES ('509', 'Command: itemmove');
INSERT INTO `rbac_permissions` VALUES ('510', 'Command: kick');
INSERT INTO `rbac_permissions` VALUES ('511', 'Command: linkgrave');
INSERT INTO `rbac_permissions` VALUES ('512', 'Command: listfreeze');
INSERT INTO `rbac_permissions` VALUES ('513', 'Command: maxskill');
INSERT INTO `rbac_permissions` VALUES ('514', 'Command: movegens');
INSERT INTO `rbac_permissions` VALUES ('515', 'Command: mute');
INSERT INTO `rbac_permissions` VALUES ('516', 'Command: neargrave');
INSERT INTO `rbac_permissions` VALUES ('517', 'Command: pinfo');
INSERT INTO `rbac_permissions` VALUES ('518', 'Command: playall');
INSERT INTO `rbac_permissions` VALUES ('519', 'Command: possess');
INSERT INTO `rbac_permissions` VALUES ('520', 'Command: recall');
INSERT INTO `rbac_permissions` VALUES ('521', 'Command: repairitems');
INSERT INTO `rbac_permissions` VALUES ('522', 'Command: respawn');
INSERT INTO `rbac_permissions` VALUES ('523', 'Command: revive');
INSERT INTO `rbac_permissions` VALUES ('524', 'Command: saveall');
INSERT INTO `rbac_permissions` VALUES ('525', 'Command: save');
INSERT INTO `rbac_permissions` VALUES ('526', 'Command: setskill');
INSERT INTO `rbac_permissions` VALUES ('527', 'Command: showarea');
INSERT INTO `rbac_permissions` VALUES ('528', 'Command: summon');
INSERT INTO `rbac_permissions` VALUES ('529', 'Command: unaura');
INSERT INTO `rbac_permissions` VALUES ('530', 'Command: unbindsight');
INSERT INTO `rbac_permissions` VALUES ('531', 'Command: unfreeze');
INSERT INTO `rbac_permissions` VALUES ('532', 'Command: unmute');
INSERT INTO `rbac_permissions` VALUES ('533', 'Command: unpossess');
INSERT INTO `rbac_permissions` VALUES ('534', 'Command: unstuck');
INSERT INTO `rbac_permissions` VALUES ('535', 'Command: wchange');
INSERT INTO `rbac_permissions` VALUES ('536', 'Command: mmap');
INSERT INTO `rbac_permissions` VALUES ('537', 'Command: mmap loadedtiles');
INSERT INTO `rbac_permissions` VALUES ('538', 'Command: mmap loc');
INSERT INTO `rbac_permissions` VALUES ('539', 'Command: mmap path');
INSERT INTO `rbac_permissions` VALUES ('540', 'Command: mmap stats');
INSERT INTO `rbac_permissions` VALUES ('541', 'Command: mmap testarea');
INSERT INTO `rbac_permissions` VALUES ('542', 'Command: morph');
INSERT INTO `rbac_permissions` VALUES ('543', 'Command: demorph');
INSERT INTO `rbac_permissions` VALUES ('544', 'Command: modify');
INSERT INTO `rbac_permissions` VALUES ('545', 'Command: modify arenapoints');
INSERT INTO `rbac_permissions` VALUES ('546', 'Command: modify bit');
INSERT INTO `rbac_permissions` VALUES ('547', 'Command: modify drunk');
INSERT INTO `rbac_permissions` VALUES ('548', 'Command: modify energy');
INSERT INTO `rbac_permissions` VALUES ('549', 'Command: modify faction');
INSERT INTO `rbac_permissions` VALUES ('550', 'Command: modify gender');
INSERT INTO `rbac_permissions` VALUES ('551', 'Command: modify honor');
INSERT INTO `rbac_permissions` VALUES ('552', 'Command: modify hp');
INSERT INTO `rbac_permissions` VALUES ('553', 'Command: modify mana');
INSERT INTO `rbac_permissions` VALUES ('554', 'Command: modify money');
INSERT INTO `rbac_permissions` VALUES ('555', 'Command: modify mount');
INSERT INTO `rbac_permissions` VALUES ('556', 'Command: modify phase');
INSERT INTO `rbac_permissions` VALUES ('557', 'Command: modify rage');
INSERT INTO `rbac_permissions` VALUES ('558', 'Command: modify reputation');
INSERT INTO `rbac_permissions` VALUES ('559', 'Command: modify runicpower');
INSERT INTO `rbac_permissions` VALUES ('560', 'Command: modify scale');
INSERT INTO `rbac_permissions` VALUES ('561', 'Command: modify speed');
INSERT INTO `rbac_permissions` VALUES ('562', 'Command: modify speed all');
INSERT INTO `rbac_permissions` VALUES ('563', 'Command: modify speed backwalk');
INSERT INTO `rbac_permissions` VALUES ('564', 'Command: modify speed fly');
INSERT INTO `rbac_permissions` VALUES ('565', 'Command: modify speed walk');
INSERT INTO `rbac_permissions` VALUES ('566', 'Command: modify speed swim');
INSERT INTO `rbac_permissions` VALUES ('567', 'Command: modify spell');
INSERT INTO `rbac_permissions` VALUES ('568', 'Command: modify standstate');
INSERT INTO `rbac_permissions` VALUES ('569', 'Command: modify talentpoints');
INSERT INTO `rbac_permissions` VALUES ('570', 'Command: npc');
INSERT INTO `rbac_permissions` VALUES ('571', 'Command: npc add');
INSERT INTO `rbac_permissions` VALUES ('572', 'Command: npc add formation');
INSERT INTO `rbac_permissions` VALUES ('573', 'Command: npc add item');
INSERT INTO `rbac_permissions` VALUES ('574', 'Command: npc add move');
INSERT INTO `rbac_permissions` VALUES ('575', 'Command: npc add temp');
INSERT INTO `rbac_permissions` VALUES ('576', 'Command: npc add delete');
INSERT INTO `rbac_permissions` VALUES ('577', 'Command: npc add delete item');
INSERT INTO `rbac_permissions` VALUES ('578', 'Command: npc add follow');
INSERT INTO `rbac_permissions` VALUES ('579', 'Command: npc add follow stop');
INSERT INTO `rbac_permissions` VALUES ('580', 'Command: npc set');
INSERT INTO `rbac_permissions` VALUES ('581', 'Command: npc set allowmove');
INSERT INTO `rbac_permissions` VALUES ('582', 'Command: npc set entry');
INSERT INTO `rbac_permissions` VALUES ('583', 'Command: npc set factionid');
INSERT INTO `rbac_permissions` VALUES ('584', 'Command: npc set flag');
INSERT INTO `rbac_permissions` VALUES ('585', 'Command: npc set level');
INSERT INTO `rbac_permissions` VALUES ('586', 'Command: npc set link');
INSERT INTO `rbac_permissions` VALUES ('587', 'Command: npc set model');
INSERT INTO `rbac_permissions` VALUES ('588', 'Command: npc set movetype');
INSERT INTO `rbac_permissions` VALUES ('589', 'Command: npc set phase');
INSERT INTO `rbac_permissions` VALUES ('590', 'Command: npc set spawndist');
INSERT INTO `rbac_permissions` VALUES ('591', 'Command: npc set spawntime');
INSERT INTO `rbac_permissions` VALUES ('592', 'Command: npc set data');
INSERT INTO `rbac_permissions` VALUES ('593', 'Command: npc info');
INSERT INTO `rbac_permissions` VALUES ('594', 'Command: npc near');
INSERT INTO `rbac_permissions` VALUES ('595', 'Command: npc move');
INSERT INTO `rbac_permissions` VALUES ('596', 'Command: npc playemote');
INSERT INTO `rbac_permissions` VALUES ('597', 'Command: npc say');
INSERT INTO `rbac_permissions` VALUES ('598', 'Command: npc textemote');
INSERT INTO `rbac_permissions` VALUES ('599', 'Command: npc whisper');
INSERT INTO `rbac_permissions` VALUES ('600', 'Command: npc yell');
INSERT INTO `rbac_permissions` VALUES ('601', 'Command: npc tame');
INSERT INTO `rbac_permissions` VALUES ('602', 'Command: quest');
INSERT INTO `rbac_permissions` VALUES ('603', 'Command: quest add');
INSERT INTO `rbac_permissions` VALUES ('604', 'Command: quest complete');
INSERT INTO `rbac_permissions` VALUES ('605', 'Command: quest remove');
INSERT INTO `rbac_permissions` VALUES ('606', 'Command: quest reward');
INSERT INTO `rbac_permissions` VALUES ('607', 'Command: reload');
INSERT INTO `rbac_permissions` VALUES ('608', 'Command: reload access_requirement');
INSERT INTO `rbac_permissions` VALUES ('609', 'Command: reload criteria_data');
INSERT INTO `rbac_permissions` VALUES ('610', 'Command: reload achievement_reward');
INSERT INTO `rbac_permissions` VALUES ('611', 'Command: reload all');
INSERT INTO `rbac_permissions` VALUES ('612', 'Command: reload all achievement');
INSERT INTO `rbac_permissions` VALUES ('613', 'Command: reload all area');
INSERT INTO `rbac_permissions` VALUES ('615', 'Command: reload all gossips');
INSERT INTO `rbac_permissions` VALUES ('616', 'Command: reload all item');
INSERT INTO `rbac_permissions` VALUES ('617', 'Command: reload all locales');
INSERT INTO `rbac_permissions` VALUES ('618', 'Command: reload all loot');
INSERT INTO `rbac_permissions` VALUES ('619', 'Command: reload all npc');
INSERT INTO `rbac_permissions` VALUES ('620', 'Command: reload all quest');
INSERT INTO `rbac_permissions` VALUES ('621', 'Command: reload all scripts');
INSERT INTO `rbac_permissions` VALUES ('623', 'Command: reload areatrigger_involvedrelation');
INSERT INTO `rbac_permissions` VALUES ('624', 'Command: reload areatrigger_tavern');
INSERT INTO `rbac_permissions` VALUES ('625', 'Command: reload areatrigger_teleport');
INSERT INTO `rbac_permissions` VALUES ('626', 'Command: reload auctions');
INSERT INTO `rbac_permissions` VALUES ('627', 'Command: reload autobroadcast');
INSERT INTO `rbac_permissions` VALUES ('628', 'Command: reload command');
INSERT INTO `rbac_permissions` VALUES ('629', 'Command: reload conditions');
INSERT INTO `rbac_permissions` VALUES ('630', 'Command: reload config');
INSERT INTO `rbac_permissions` VALUES ('631', 'Command: reload battleground_template');
INSERT INTO `rbac_permissions` VALUES ('632', 'Command: .mutehistory');
INSERT INTO `rbac_permissions` VALUES ('633', 'Command: reload creature_linked_respawn');
INSERT INTO `rbac_permissions` VALUES ('634', 'Command: reload creature_loot_template');
INSERT INTO `rbac_permissions` VALUES ('635', 'Command: reload creature_onkill_reputation');
INSERT INTO `rbac_permissions` VALUES ('636', 'Command: reload creature_questender');
INSERT INTO `rbac_permissions` VALUES ('637', 'Command: reload creature_queststarter');
INSERT INTO `rbac_permissions` VALUES ('638', 'Command: reload creature_summon_groups');
INSERT INTO `rbac_permissions` VALUES ('639', 'Command: reload creature_template');
INSERT INTO `rbac_permissions` VALUES ('640', 'Command: reload creature_text');
INSERT INTO `rbac_permissions` VALUES ('641', 'Command: reload disables');
INSERT INTO `rbac_permissions` VALUES ('642', 'Command: reload disenchant_loot_template');
INSERT INTO `rbac_permissions` VALUES ('643', 'Command: reload event_scripts');
INSERT INTO `rbac_permissions` VALUES ('644', 'Command: reload fishing_loot_template');
INSERT INTO `rbac_permissions` VALUES ('645', 'Command: reload game_graveyard_zone');
INSERT INTO `rbac_permissions` VALUES ('646', 'Command: reload game_tele');
INSERT INTO `rbac_permissions` VALUES ('647', 'Command: reload gameobject_questender');
INSERT INTO `rbac_permissions` VALUES ('648', 'Command: reload gameobject_loot_template');
INSERT INTO `rbac_permissions` VALUES ('649', 'Command: reload gameobject_queststarter');
INSERT INTO `rbac_permissions` VALUES ('650', 'Command: reload support');
INSERT INTO `rbac_permissions` VALUES ('651', 'Command: reload gossip_menu');
INSERT INTO `rbac_permissions` VALUES ('652', 'Command: reload gossip_menu_option');
INSERT INTO `rbac_permissions` VALUES ('653', 'Command: reload item_enchantment_template');
INSERT INTO `rbac_permissions` VALUES ('654', 'Command: reload item_loot_template');
INSERT INTO `rbac_permissions` VALUES ('655', 'Command: reload item_set_names');
INSERT INTO `rbac_permissions` VALUES ('656', 'Command: reload lfg_dungeon_rewards');
INSERT INTO `rbac_permissions` VALUES ('657', 'Command: reload locales_achievement_reward');
INSERT INTO `rbac_permissions` VALUES ('658', 'Command: reload locales_creature');
INSERT INTO `rbac_permissions` VALUES ('659', 'Command: reload locales_creature_text');
INSERT INTO `rbac_permissions` VALUES ('660', 'Command: reload locales_gameobject');
INSERT INTO `rbac_permissions` VALUES ('661', 'Command: reload locales_gossip_menu_option');
INSERT INTO `rbac_permissions` VALUES ('663', 'Command: reload locales_item_set_name');
INSERT INTO `rbac_permissions` VALUES ('665', 'Command: reload locales_page_text');
INSERT INTO `rbac_permissions` VALUES ('666', 'Command: reload locales_points_of_interest');
INSERT INTO `rbac_permissions` VALUES ('667', 'Command: reload quest_locale');
INSERT INTO `rbac_permissions` VALUES ('668', 'Command: reload mail_level_reward');
INSERT INTO `rbac_permissions` VALUES ('669', 'Command: reload mail_loot_template');
INSERT INTO `rbac_permissions` VALUES ('670', 'Command: reload milling_loot_template');
INSERT INTO `rbac_permissions` VALUES ('671', 'Command: reload npc_spellclick_spells');
INSERT INTO `rbac_permissions` VALUES ('672', 'Command: reload npc_trainer');
INSERT INTO `rbac_permissions` VALUES ('673', 'Command: reload npc_vendor');
INSERT INTO `rbac_permissions` VALUES ('674', 'Command: reload page_text');
INSERT INTO `rbac_permissions` VALUES ('675', 'Command: reload pickpocketing_loot_template');
INSERT INTO `rbac_permissions` VALUES ('676', 'Command: reload points_of_interest');
INSERT INTO `rbac_permissions` VALUES ('677', 'Command: reload prospecting_loot_template');
INSERT INTO `rbac_permissions` VALUES ('678', 'Command: reload quest_poi');
INSERT INTO `rbac_permissions` VALUES ('679', 'Command: reload quest_template');
INSERT INTO `rbac_permissions` VALUES ('680', 'Command: reload rbac');
INSERT INTO `rbac_permissions` VALUES ('681', 'Command: reload reference_loot_template');
INSERT INTO `rbac_permissions` VALUES ('682', 'Command: reload reserved_name');
INSERT INTO `rbac_permissions` VALUES ('683', 'Command: reload reputation_reward_rate');
INSERT INTO `rbac_permissions` VALUES ('684', 'Command: reload reputation_spillover_template');
INSERT INTO `rbac_permissions` VALUES ('685', 'Command: reload skill_discovery_template');
INSERT INTO `rbac_permissions` VALUES ('686', 'Command: reload skill_extra_item_template');
INSERT INTO `rbac_permissions` VALUES ('687', 'Command: reload skill_fishing_base_level');
INSERT INTO `rbac_permissions` VALUES ('688', 'Command: reload skinning_loot_template');
INSERT INTO `rbac_permissions` VALUES ('689', 'Command: reload smart_scripts');
INSERT INTO `rbac_permissions` VALUES ('690', 'Command: reload spell_required');
INSERT INTO `rbac_permissions` VALUES ('691', 'Command: reload spell_area');
INSERT INTO `rbac_permissions` VALUES ('693', 'Command: reload spell_group');
INSERT INTO `rbac_permissions` VALUES ('694', 'Command: reload spell_learn_spell');
INSERT INTO `rbac_permissions` VALUES ('695', 'Command: reload spell_loot_template');
INSERT INTO `rbac_permissions` VALUES ('696', 'Command: reload spell_linked_spell');
INSERT INTO `rbac_permissions` VALUES ('697', 'Command: reload spell_pet_auras');
INSERT INTO `rbac_permissions` VALUES ('698', 'Command: reload spell_proc_event');
INSERT INTO `rbac_permissions` VALUES ('699', 'Command: reload spell_proc');
INSERT INTO `rbac_permissions` VALUES ('700', 'Command: reload spell_scripts');
INSERT INTO `rbac_permissions` VALUES ('701', 'Command: reload spell_target_position');
INSERT INTO `rbac_permissions` VALUES ('702', 'Command: reload spell_threats');
INSERT INTO `rbac_permissions` VALUES ('703', 'Command: reload spell_group_stack_rules');
INSERT INTO `rbac_permissions` VALUES ('704', 'Command: reload trinity_string');
INSERT INTO `rbac_permissions` VALUES ('705', 'Command: reload warden_action');
INSERT INTO `rbac_permissions` VALUES ('706', 'Command: reload waypoint_scripts');
INSERT INTO `rbac_permissions` VALUES ('707', 'Command: reload waypoint_data');
INSERT INTO `rbac_permissions` VALUES ('708', 'Command: reload vehicle_accessory');
INSERT INTO `rbac_permissions` VALUES ('709', 'Command: reload vehicle_template_accessory');
INSERT INTO `rbac_permissions` VALUES ('710', 'Command: reset');
INSERT INTO `rbac_permissions` VALUES ('711', 'Command: reset achievements');
INSERT INTO `rbac_permissions` VALUES ('712', 'Command: reset honor');
INSERT INTO `rbac_permissions` VALUES ('713', 'Command: reset level');
INSERT INTO `rbac_permissions` VALUES ('714', 'Command: reset spells');
INSERT INTO `rbac_permissions` VALUES ('715', 'Command: reset stats');
INSERT INTO `rbac_permissions` VALUES ('716', 'Command: reset talents');
INSERT INTO `rbac_permissions` VALUES ('717', 'Command: reset all');
INSERT INTO `rbac_permissions` VALUES ('718', 'Command: server');
INSERT INTO `rbac_permissions` VALUES ('719', 'Command: server corpses');
INSERT INTO `rbac_permissions` VALUES ('720', 'Command: server exit');
INSERT INTO `rbac_permissions` VALUES ('721', 'Command: server idlerestart');
INSERT INTO `rbac_permissions` VALUES ('722', 'Command: server idlerestart cancel');
INSERT INTO `rbac_permissions` VALUES ('723', 'Command: server idleshutdown');
INSERT INTO `rbac_permissions` VALUES ('724', 'Command: server idleshutdown cancel');
INSERT INTO `rbac_permissions` VALUES ('725', 'Command: server info');
INSERT INTO `rbac_permissions` VALUES ('726', 'Command: server plimit');
INSERT INTO `rbac_permissions` VALUES ('727', 'Command: server restart');
INSERT INTO `rbac_permissions` VALUES ('728', 'Command: server restart cancel');
INSERT INTO `rbac_permissions` VALUES ('729', 'Command: server set');
INSERT INTO `rbac_permissions` VALUES ('730', 'Command: server set closed');
INSERT INTO `rbac_permissions` VALUES ('731', 'Command: server set difftime');
INSERT INTO `rbac_permissions` VALUES ('732', 'Command: server set loglevel');
INSERT INTO `rbac_permissions` VALUES ('733', 'Command: server set motd');
INSERT INTO `rbac_permissions` VALUES ('734', 'Command: server shutdown');
INSERT INTO `rbac_permissions` VALUES ('735', 'Command: server shutdown cancel');
INSERT INTO `rbac_permissions` VALUES ('736', 'Command: server motd');
INSERT INTO `rbac_permissions` VALUES ('737', 'Command: tele');
INSERT INTO `rbac_permissions` VALUES ('738', 'Command: tele add');
INSERT INTO `rbac_permissions` VALUES ('739', 'Command: tele del');
INSERT INTO `rbac_permissions` VALUES ('740', 'Command: tele name');
INSERT INTO `rbac_permissions` VALUES ('741', 'Command: tele group');
INSERT INTO `rbac_permissions` VALUES ('742', 'Command: ticket');
INSERT INTO `rbac_permissions` VALUES ('753', 'Command: ticket reset');
INSERT INTO `rbac_permissions` VALUES ('757', 'Command: ticket togglesystem');
INSERT INTO `rbac_permissions` VALUES ('761', 'Command: titles');
INSERT INTO `rbac_permissions` VALUES ('762', 'Command: titles add');
INSERT INTO `rbac_permissions` VALUES ('763', 'Command: titles current');
INSERT INTO `rbac_permissions` VALUES ('764', 'Command: titles remove');
INSERT INTO `rbac_permissions` VALUES ('765', 'Command: titles set');
INSERT INTO `rbac_permissions` VALUES ('766', 'Command: titles set mask');
INSERT INTO `rbac_permissions` VALUES ('767', 'Command: wp');
INSERT INTO `rbac_permissions` VALUES ('768', 'Command: wp add');
INSERT INTO `rbac_permissions` VALUES ('769', 'Command: wp event');
INSERT INTO `rbac_permissions` VALUES ('770', 'Command: wp load');
INSERT INTO `rbac_permissions` VALUES ('771', 'Command: wp modify');
INSERT INTO `rbac_permissions` VALUES ('772', 'Command: wp unload');
INSERT INTO `rbac_permissions` VALUES ('773', 'Command: wp reload');
INSERT INTO `rbac_permissions` VALUES ('774', 'Command: wp show');
INSERT INTO `rbac_permissions` VALUES ('776', 'Command: debug phase');
INSERT INTO `rbac_permissions` VALUES ('777', 'Command: mailbox');
INSERT INTO `rbac_permissions` VALUES ('778', 'Command: ahbot');
INSERT INTO `rbac_permissions` VALUES ('779', 'Command: ahbot items');
INSERT INTO `rbac_permissions` VALUES ('780', 'Command: ahbot items gray');
INSERT INTO `rbac_permissions` VALUES ('781', 'Command: ahbot items white');
INSERT INTO `rbac_permissions` VALUES ('782', 'Command: ahbot items green');
INSERT INTO `rbac_permissions` VALUES ('783', 'Command: ahbot items blue');
INSERT INTO `rbac_permissions` VALUES ('784', 'Command: ahbot items purple');
INSERT INTO `rbac_permissions` VALUES ('785', 'Command: ahbot items orange');
INSERT INTO `rbac_permissions` VALUES ('786', 'Command: ahbot items yellow');
INSERT INTO `rbac_permissions` VALUES ('787', 'Command: ahbot ratio');
INSERT INTO `rbac_permissions` VALUES ('788', 'Command: ahbot ratio alliance');
INSERT INTO `rbac_permissions` VALUES ('789', 'Command: ahbot ratio horde');
INSERT INTO `rbac_permissions` VALUES ('790', 'Command: ahbot ratio neutral');
INSERT INTO `rbac_permissions` VALUES ('791', 'Command: ahbot rebuild');
INSERT INTO `rbac_permissions` VALUES ('792', 'Command: ahbot reload');
INSERT INTO `rbac_permissions` VALUES ('793', 'Command: ahbot status');
INSERT INTO `rbac_permissions` VALUES ('794', 'Command: .guild info');
INSERT INTO `rbac_permissions` VALUES ('797', 'Command: pvpstats');
INSERT INTO `rbac_permissions` VALUES ('798', 'Command: .mod xp');
INSERT INTO `rbac_permissions` VALUES ('799', 'Command: .go bugticket');
INSERT INTO `rbac_permissions` VALUES ('800', 'Command: .go complaintticket');
INSERT INTO `rbac_permissions` VALUES ('801', 'Command: .go suggestionticket');
INSERT INTO `rbac_permissions` VALUES ('802', 'Command: .ticket bug');
INSERT INTO `rbac_permissions` VALUES ('803', 'Command: .ticket complaint');
INSERT INTO `rbac_permissions` VALUES ('804', 'Command: .ticket suggestion');
INSERT INTO `rbac_permissions` VALUES ('805', 'Command: .ticket bug assign');
INSERT INTO `rbac_permissions` VALUES ('806', 'Command: .ticket bug close');
INSERT INTO `rbac_permissions` VALUES ('807', 'Command: .ticket bug closedlist');
INSERT INTO `rbac_permissions` VALUES ('808', 'Command: .ticket bug comment');
INSERT INTO `rbac_permissions` VALUES ('809', 'Command: .ticket bug delete');
INSERT INTO `rbac_permissions` VALUES ('810', 'Command: .ticket bug list');
INSERT INTO `rbac_permissions` VALUES ('811', 'Command: .ticket bug unassign');
INSERT INTO `rbac_permissions` VALUES ('812', 'Command: .ticket bug view');
INSERT INTO `rbac_permissions` VALUES ('813', 'Command: .ticket complaint assign');
INSERT INTO `rbac_permissions` VALUES ('814', 'Command: .ticket complaint close');
INSERT INTO `rbac_permissions` VALUES ('815', 'Command: .ticket complaint closedlist');
INSERT INTO `rbac_permissions` VALUES ('816', 'Command: .ticket complaint comment');
INSERT INTO `rbac_permissions` VALUES ('817', 'Command: .ticket complaint delete');
INSERT INTO `rbac_permissions` VALUES ('818', 'Command: .ticket complaint list');
INSERT INTO `rbac_permissions` VALUES ('819', 'Command: .ticket complaint unassign');
INSERT INTO `rbac_permissions` VALUES ('820', 'Command: .ticket complaint view');
INSERT INTO `rbac_permissions` VALUES ('821', 'Command: .ticket suggestion assign');
INSERT INTO `rbac_permissions` VALUES ('822', 'Command: .ticket suggestion close');
INSERT INTO `rbac_permissions` VALUES ('823', 'Command: .ticket suggestion closedlist');
INSERT INTO `rbac_permissions` VALUES ('824', 'Command: .ticket suggestion comment');
INSERT INTO `rbac_permissions` VALUES ('825', 'Command: .ticket suggestion delete');
INSERT INTO `rbac_permissions` VALUES ('826', 'Command: .ticket suggestion list');
INSERT INTO `rbac_permissions` VALUES ('827', 'Command: .ticket suggestion unassign');
INSERT INTO `rbac_permissions` VALUES ('828', 'Command: .ticket suggestion view');
INSERT INTO `rbac_permissions` VALUES ('829', 'Command: .ticket reset all');
INSERT INTO `rbac_permissions` VALUES ('830', 'Command: .bnetaccount listgameaccounts');
INSERT INTO `rbac_permissions` VALUES ('831', 'Command: .ticket reset bug');
INSERT INTO `rbac_permissions` VALUES ('832', 'Command: .ticket reset complaint');
INSERT INTO `rbac_permissions` VALUES ('833', 'Command: .ticket reset suggestion');
INSERT INTO `rbac_permissions` VALUES ('834', 'Command: go quest');
INSERT INTO `rbac_permissions` VALUES ('835', 'Command: debug loadcells');
INSERT INTO `rbac_permissions` VALUES ('836', 'Command: .debug boundary');
INSERT INTO `rbac_permissions` VALUES ('837', 'Command: npc evade');
INSERT INTO `rbac_permissions` VALUES ('838', 'Command: pet level');
INSERT INTO `rbac_permissions` VALUES ('839', 'Command: server shutdown force');
INSERT INTO `rbac_permissions` VALUES ('840', 'Command: server restart force');
INSERT INTO `rbac_permissions` VALUES ('841', 'Command: .debug neargraveyard');
INSERT INTO `rbac_permissions` VALUES ('842', 'Command: reload character_template');
INSERT INTO `rbac_permissions` VALUES ('843', 'Command: reload quest_greeting');
INSERT INTO `rbac_permissions` VALUES ('844', 'Command: scene');
INSERT INTO `rbac_permissions` VALUES ('845', 'Command: scene debug');
INSERT INTO `rbac_permissions` VALUES ('846', 'Command: scene play');
INSERT INTO `rbac_permissions` VALUES ('847', 'Command: scene play package');
INSERT INTO `rbac_permissions` VALUES ('848', 'Command: scene cancel');
INSERT INTO `rbac_permissions` VALUES ('849', 'Command: list scenes');
INSERT INTO `rbac_permissions` VALUES ('850', 'Command: reload scenes');
INSERT INTO `rbac_permissions` VALUES ('851', 'Command: reload areatrigger_templates');
INSERT INTO `rbac_permissions` VALUES ('852', 'Command: go offset');
INSERT INTO `rbac_permissions` VALUES ('853', 'Command: .reload conversation_template');
INSERT INTO `rbac_permissions` VALUES ('854', 'Command: .debug conversation');
INSERT INTO `rbac_permissions` VALUES ('868', 'Command: modify power');
INSERT INTO `rbac_permissions` VALUES ('869', 'Command: debug send playerchoice');
INSERT INTO `rbac_permissions` VALUES ('872', 'Command: server debug');

-- ----------------------------
-- Table structure for realm_online_status
-- ----------------------------
DROP TABLE IF EXISTS `realm_online_status`;
CREATE TABLE `realm_online_status` (
  `realmid` int(11) NOT NULL,
  `last_notification` int(11) NOT NULL,
  `web_server_time` timestamp NULL DEFAULT CURRENT_TIMESTAMP ON UPDATE CURRENT_TIMESTAMP,
  `queue` int(11) NOT NULL,
  PRIMARY KEY (`realmid`)
) ENGINE=InnoDB DEFAULT CHARSET=latin1;

-- ----------------------------
-- Records of realm_online_status
-- ----------------------------

-- ----------------------------
-- Table structure for realmcharacters
-- ----------------------------
DROP TABLE IF EXISTS `realmcharacters`;
CREATE TABLE `realmcharacters` (
  `realmid` int(10) unsigned NOT NULL DEFAULT '0',
  `acctid` int(10) unsigned NOT NULL,
  `numchars` tinyint(3) unsigned NOT NULL DEFAULT '0',
  PRIMARY KEY (`realmid`,`acctid`),
  KEY `acctid` (`acctid`)
) ENGINE=InnoDB DEFAULT CHARSET=utf8 COMMENT='Realm Character Tracker';

-- ----------------------------
-- Records of realmcharacters
-- ----------------------------
INSERT INTO `realmcharacters` VALUES ('1', '1', '1');
INSERT INTO `realmcharacters` VALUES ('2', '1', '6');

-- ----------------------------
-- Table structure for realmlist
-- ----------------------------
DROP TABLE IF EXISTS `realmlist`;
CREATE TABLE `realmlist` (
  `id` int(10) unsigned NOT NULL AUTO_INCREMENT,
  `name` varchar(32) NOT NULL DEFAULT '',
  `address` varchar(255) NOT NULL DEFAULT '127.0.0.1',
  `localAddress` varchar(255) NOT NULL DEFAULT '127.0.0.1',
  `localSubnetMask` varchar(255) NOT NULL DEFAULT '255.255.255.0',
  `realmPort` smallint(5) unsigned NOT NULL DEFAULT '8085',
  `instancePort` smallint(5) unsigned NOT NULL DEFAULT '8086',
  `icon` tinyint(3) unsigned NOT NULL DEFAULT '0',
  `flag` tinyint(3) unsigned NOT NULL DEFAULT '2',
  `timezone` tinyint(3) unsigned NOT NULL DEFAULT '0',
  `allowedSecurityLevel` tinyint(3) unsigned NOT NULL DEFAULT '0',
  `population` float unsigned NOT NULL DEFAULT '0',
  `gamebuild` int(10) unsigned NOT NULL DEFAULT '26899',
  `Region` tinyint(3) unsigned NOT NULL DEFAULT '1',
  `Battlegroup` tinyint(3) unsigned NOT NULL DEFAULT '1',
  PRIMARY KEY (`id`),
  UNIQUE KEY `idx_name` (`name`)
) ENGINE=InnoDB AUTO_INCREMENT=98 DEFAULT CHARSET=utf8 COMMENT='Realm System';

-- ----------------------------
-- Records of realmlist
-- ----------------------------
INSERT INTO `realmlist` VALUES ('1', 'PromisedWar Dev Realm', '10.8.0.10', '127.0.0.1', '255.255.255.0', '8085', '8086', '0', '2', '1', '0', '0', '27843', '1', '1');
INSERT INTO `realmlist` VALUES ('2', 'PromisedWar SQL Realm', '10.8.0.10', '127.0.0.1', '255.255.255.0', '8085', '8086', '0', '2', '1', '0', '0', '27843', '1', '1');
INSERT INTO `realmlist` VALUES ('3', 'PromisedWar Monk Realm', '10.8.0.10', '127.0.0.1', '255.255.255.0', '21181', '2527', '0', '0', '1', '0', '0', '27843', '1', '1');
INSERT INTO `realmlist` VALUES ('4', 'PromisedWar Mage Realm', '10.8.0.10', '127.0.0.1', '255.255.255.0', '11460', '29500', '0', '0', '1', '0', '1', '27843', '1', '1');
INSERT INTO `realmlist` VALUES ('5', 'PromisedWar Rogue Realm', '10.8.0.10', '127.0.0.1', '255.255.255.0', '20765', '4822', '0', '0', '1', '0', '0', '27843', '1', '1');
INSERT INTO `realmlist` VALUES ('6', 'PromisedWar Warlock Realm', '10.8.0.10', '127.0.0.1', '255.255.255.0', '3746', '6942', '0', '0', '1', '0', '0', '27843', '1', '1');
INSERT INTO `realmlist` VALUES ('97', 'PromisedWar Quality Control', '51.38.57.214', '127.0.0.1', '255.255.255.0', '10000', '10001', '0', '0', '1', '0', '0', '27843', '1', '1');

-- ----------------------------
-- Table structure for updates
-- ----------------------------
DROP TABLE IF EXISTS `updates`;
CREATE TABLE `updates` (
  `name` varchar(200) NOT NULL COMMENT 'filename with extension of the update.',
  `hash` char(40) DEFAULT '' COMMENT 'sha1 hash of the sql file.',
  `state` enum('RELEASED','ARCHIVED') NOT NULL DEFAULT 'RELEASED' COMMENT 'defines if an update is released or archived.',
  `timestamp` timestamp NOT NULL DEFAULT CURRENT_TIMESTAMP COMMENT 'timestamp when the query was applied.',
  `speed` int(10) unsigned NOT NULL DEFAULT '0' COMMENT 'time the query takes to apply in ms.',
  PRIMARY KEY (`name`)
) ENGINE=MyISAM DEFAULT CHARSET=utf8 COMMENT='List of all applied updates in this database.';

-- ----------------------------
-- Records of updates
-- ----------------------------
INSERT INTO `updates` VALUES ('2014_10_04_00_auth.sql', 'C3BC70A6EC381474B7308F442346F1E721176BC6', 'ARCHIVED', '2015-03-21 16:55:52', '0');
INSERT INTO `updates` VALUES ('2014_10_19_00_auth.sql', '7472B490A4F86C9D3DA609CDD3197499CB80C87C', 'ARCHIVED', '2015-03-21 16:55:52', '0');
INSERT INTO `updates` VALUES ('2014_10_26_00_auth.sql', '75CC67ADE2A3B2E54FD57D6B0DCAA8FE50F4EE35', 'ARCHIVED', '2015-03-21 16:55:52', '0');
INSERT INTO `updates` VALUES ('2014_11_03_00_auth.sql', '5948C9F286CF0FEA8E241785C0259FF36B73BDC5', 'ARCHIVED', '2015-03-21 16:55:52', '0');
INSERT INTO `updates` VALUES ('2014_11_04_00_auth.sql', '3AFC68B2375C2A417DDEA94583C53AFF83DE50DF', 'ARCHIVED', '2015-03-21 16:55:52', '0');
INSERT INTO `updates` VALUES ('2014_11_09_00_auth.sql', 'B8DD1A7047C0FDDB80344B239343EC33BF1A0D97', 'ARCHIVED', '2015-03-21 16:55:52', '0');
INSERT INTO `updates` VALUES ('2014_11_10_00_auth.sql', '8FBA737A1D3FF4631A1E662A5B500A8BD304EC63', 'ARCHIVED', '2015-03-21 16:55:52', '0');
INSERT INTO `updates` VALUES ('2014_11_10_00_auth_from_335.sql', '0E3CB119442D09DD88E967015319BBC8DAFBBFE0', 'ARCHIVED', '2015-03-21 16:55:52', '0');
INSERT INTO `updates` VALUES ('2014_11_10_01_auth.sql', '327E77A1DA3546D5275AB249915DD57EDD6FDD3D', 'ARCHIVED', '2015-03-21 16:55:52', '0');
INSERT INTO `updates` VALUES ('2014_11_23_00_auth.sql', '0BBEB3EB3AED0FEF277A062819B6B2C00084A742', 'ARCHIVED', '2015-03-21 16:55:52', '0');
INSERT INTO `updates` VALUES ('2014_11_25_00_auth.sql', '4F45CDB26BDBB3EE83F1988E3D7818C5926ADC02', 'ARCHIVED', '2015-03-21 16:55:52', '0');
INSERT INTO `updates` VALUES ('2014_12_05_00_auth.sql', '6A7BBCEF43111C73A2D2C3CCB6911BE50DE7DD94', 'ARCHIVED', '2015-03-21 16:55:52', '0');
INSERT INTO `updates` VALUES ('2014_12_10_00_auth.sql', '821703A96D80F9080074852B5A46E2909C9562EA', 'ARCHIVED', '2015-03-21 16:55:52', '0');
INSERT INTO `updates` VALUES ('2014_12_19_00_auth.sql', '44D8E12FFF327AD07878FBDF8D9C16B6B7DCB122', 'ARCHIVED', '2015-03-21 16:55:52', '0');
INSERT INTO `updates` VALUES ('2014_12_20_00_auth.sql', '4DAA02AE285C02AE6C82EA2C8B97AC71990F1085', 'ARCHIVED', '2015-03-21 16:55:52', '0');
INSERT INTO `updates` VALUES ('2014_12_25_00_auth.sql', '61411930F482BC73FC7FD2C370C811E944F5FF92', 'ARCHIVED', '2015-03-21 16:55:52', '0');
INSERT INTO `updates` VALUES ('2014_12_27_00_auth.sql', 'CE2E5D2CD82E79C25294539ADED27A1429105B43', 'ARCHIVED', '2015-03-21 16:55:52', '0');
INSERT INTO `updates` VALUES ('2014_12_28_00_auth.sql', '0A913217610E76AFF119C27259737BBC523090E6', 'ARCHIVED', '2015-03-21 16:55:52', '0');
INSERT INTO `updates` VALUES ('2015_02_22_00_auth.sql', '21CCCF8B01252E16CA3D6C9E3E8DAA4C9B28ED6E', 'ARCHIVED', '2015-03-21 16:55:52', '0');
INSERT INTO `updates` VALUES ('2015_03_01_00_auth.sql', '911881E273207FF6182D1FDAC8C85FFAE8F1C852', 'ARCHIVED', '2015-03-21 16:55:52', '0');
INSERT INTO `updates` VALUES ('2015_03_10_00_auth.sql', '2CC8502C11412EFEB5C11BE166761A8754A59009', 'ARCHIVED', '2015-03-21 16:55:52', '0');
INSERT INTO `updates` VALUES ('2015_03_20_00_auth.sql', 'B761760804EA73BD297F296C5C1919687DF7191C', 'ARCHIVED', '2015-03-21 16:55:52', '0');
INSERT INTO `updates` VALUES ('2015_03_20_01_auth.sql', '5CCEDF20C8189FB1E8DF064A9F0DDC342841FBF0', 'ARCHIVED', '2015-03-21 16:55:52', '0');
INSERT INTO `updates` VALUES ('2015_03_20_02_auth.sql', '85E4ACD9AA099C0C4AC034575F2BB07D348EAC72', 'ARCHIVED', '2015-03-21 16:56:46', '0');
INSERT INTO `updates` VALUES ('2015_03_15_00_auth.sql', '1D8E107FBEFE5E7F47E09F45240DFF499B77CDED', 'ARCHIVED', '2015-05-02 13:57:57', '0');
INSERT INTO `updates` VALUES ('2015_03_26_00_auth.sql', '34AC8543E6A9C6C832DE58EAB33618EEEF70B9F9', 'ARCHIVED', '2015-05-02 13:57:57', '0');
INSERT INTO `updates` VALUES ('2015_04_04_00_auth.sql', '57146B35E54A2EC7869C945034AB078358020311', 'ARCHIVED', '2015-05-02 13:57:57', '0');
INSERT INTO `updates` VALUES ('2015_04_06_00_auth.sql', '2A8049DC2923420A002D42FB6F02C2FFCC5CDD22', 'ARCHIVED', '2015-05-02 13:57:57', '0');
INSERT INTO `updates` VALUES ('2015_04_08_00_auth.sql', '4D7D8EEF285C982BB676836602266501BEC26764', 'ARCHIVED', '2015-05-02 13:57:57', '0');
INSERT INTO `updates` VALUES ('2015_04_10_00_auth.sql', '4AE68FD97A95CEE5143EA20FD33F5D557367AC1F', 'ARCHIVED', '2015-05-02 13:57:57', '0');
INSERT INTO `updates` VALUES ('2015_04_11_00_auth.sql', '80A71C8921CFEBB547D264558B6DE27201685B84', 'ARCHIVED', '2015-05-02 13:57:57', '0');
INSERT INTO `updates` VALUES ('2015_04_11_01_auth.sql', '3E88183E1A85D11BFD74CF9A32A725C44AE02EEC', 'ARCHIVED', '2015-05-02 13:57:57', '0');
INSERT INTO `updates` VALUES ('2015_04_21_00_auth.sql', '1B3B48DBA06368B985C548D166C515C9DD598CB9', 'ARCHIVED', '2015-05-02 13:57:57', '0');
INSERT INTO `updates` VALUES ('2015_05_02_00_auth.sql', '96AB595E0D2A088750E3F48B0AF0A8A14F3CFE1E', 'ARCHIVED', '2015-05-02 13:57:57', '0');
INSERT INTO `updates` VALUES ('2015_05_02_01_auth.sql', 'FB11FB834E488B0FD3AFDABCC1A3113092E7C2E5', 'ARCHIVED', '2015-05-02 13:57:57', '0');
INSERT INTO `updates` VALUES ('2015_07_02_00_auth.sql', 'E5EE3842AB9B01851E49B360FBAF6FFEEAB2A8DA', 'ARCHIVED', '2015-07-10 19:30:56', '0');
INSERT INTO `updates` VALUES ('2015_07_06_00_auth.sql', '6D1ADBA496DC6E6D7B3BF887DA8D4D17D3FBACE0', 'ARCHIVED', '2015-07-10 19:30:56', '0');
INSERT INTO `updates` VALUES ('2015_07_08_00_auth.sql', 'CB54020AFD1E31742FD8BF9CE16879625E289788', 'ARCHIVED', '2015-07-10 19:30:56', '0');
INSERT INTO `updates` VALUES ('2015_07_08_01_auth.sql', '74D281CB82E0DA36D628BDC7AC797AE5498DB461', 'ARCHIVED', '2015-07-10 19:30:56', '0');
INSERT INTO `updates` VALUES ('2015_07_16_00_auth.sql', 'A057E95B5553B6A57A1642FE3FEC8E2E62EDE3C6', 'ARCHIVED', '2015-10-10 08:30:48', '0');
INSERT INTO `updates` VALUES ('2015_07_29_00_auth.sql', '0000FECBC413E96C7C45F303D162E263EFBA7116', 'ARCHIVED', '2015-10-10 08:30:48', '0');
INSERT INTO `updates` VALUES ('2015_08_26_00_auth.sql', '3071C02A2EB7DCBF4CEE10279FEFAB7C29A43A3A', 'ARCHIVED', '2015-10-10 08:30:48', '0');
INSERT INTO `updates` VALUES ('2015_09_05_00_auth.sql', 'F765D82B37873FA67447347D5B83C99C159FB452', 'ARCHIVED', '2015-10-10 08:30:48', '0');
INSERT INTO `updates` VALUES ('2015_09_05_01_auth.sql', '97A72DBCBF14D27A1863834A22296905FF276086', 'ARCHIVED', '2015-10-10 08:30:48', '0');
INSERT INTO `updates` VALUES ('2015_09_09_00_auth.sql', '495A0CF1B1C49205D4A5D3C25A4E1EB95616D6B4', 'ARCHIVED', '2015-10-10 08:30:48', '0');
INSERT INTO `updates` VALUES ('2015_09_15_00_auth.sql', 'D1FEFDA4C98F30384DF4B64D5A53187303EB5786', 'ARCHIVED', '2015-10-10 08:30:48', '0');
INSERT INTO `updates` VALUES ('2015_10_09_00_auth.sql', 'B6D643D444C6AE711503F73B96B6252A852913D6', 'ARCHIVED', '2015-10-10 08:30:48', '0');
INSERT INTO `updates` VALUES ('2015_10_16_00_auth.sql', '366AFFD1088762866091A81CE1EC64138B8B35F1', 'ARCHIVED', '2015-11-08 00:46:02', '62');
INSERT INTO `updates` VALUES ('2015_10_17_00_auth.sql', 'AC0D45E905033F42093852D2C4476663BDACCB3D', 'ARCHIVED', '2015-10-17 12:39:12', '0');
INSERT INTO `updates` VALUES ('2015_11_01_00_auth_2015_08_21_00.sql', 'C31A9E1D28E11B60BE8F8198637DD51F6D75123F', 'ARCHIVED', '2015-11-01 14:50:26', '0');
INSERT INTO `updates` VALUES ('2015_11_08_00_auth.sql', '0ACDD35EC9745231BCFA701B78056DEF94D0CC53', 'ARCHIVED', '2015-11-08 00:51:45', '0');
INSERT INTO `updates` VALUES ('2015_11_21_00_auth.sql', '575A1D697CC6C7C517F7CCB950988267C99CE7FA', 'ARCHIVED', '2015-11-21 21:25:38', '0');
INSERT INTO `updates` VALUES ('2015_12_07_00_auth.sql', '24A07AC1F38E5D26A3599FC06D29E267418F69F3', 'ARCHIVED', '2015-12-07 20:55:48', '0');
INSERT INTO `updates` VALUES ('2016_01_13_00_auth.sql', '114527BCCB0DE286CBE6FDA3029DD0523D1037FA', 'ARCHIVED', '2016-01-13 21:39:13', '0');
INSERT INTO `updates` VALUES ('2016_03_22_01_auth_2016_01_13_00_auth.sql', '24615CC69B3CD7BB4699874647C35BA86E8A93FD', 'ARCHIVED', '2016-03-22 22:55:13', '0');
INSERT INTO `updates` VALUES ('2016_03_28_00_auth.sql', 'BA14D23D81FA24565F04A359090DE86C5E195209', 'ARCHIVED', '2016-03-28 16:49:32', '0');
INSERT INTO `updates` VALUES ('2016_04_11_00_auth.sql', '0ACDD35EC9745231BCFA701B78056DEF94D0CC53', 'ARCHIVED', '2016-04-11 02:24:14', '30');
INSERT INTO `updates` VALUES ('2016_04_17_00_auth.sql', '83399B64D1221B56F73A0FFB51889F11A70521BC', 'ARCHIVED', '2016-04-17 00:22:05', '0');
INSERT INTO `updates` VALUES ('2016_05_07_00_auth.sql', '7E36DCC4F06FCDCDA7155AF3C5EDF8D3A720565F', 'ARCHIVED', '2016-05-07 01:00:21', '0');
INSERT INTO `updates` VALUES ('2016_05_19_00_auth.sql', 'FB52E6BF35682CE6FA667B552B551F4FBD72AC30', 'ARCHIVED', '2016-05-19 22:18:06', '0');
INSERT INTO `updates` VALUES ('2016_07_19_00_auth.sql', 'D5498F28A1E21F4AD0E0D7C2B96FCF7292C14C4D', 'ARCHIVED', '2016-07-19 14:00:28', '0');
INSERT INTO `updates` VALUES ('2016_07_19_01_auth.sql', 'EBFE5D7D7E7CFA0CDA76AC49A1E8D4FA461A12BE', 'ARCHIVED', '2016-07-19 16:06:39', '0');
INSERT INTO `updates` VALUES ('2016_07_23_00_auth.sql', '1048F6A922ACD9BFC2E4518A71AF7037F79A85C4', 'ARCHIVED', '2016-07-23 14:39:21', '0');
INSERT INTO `updates` VALUES ('2016_07_23_01_auth.sql', '5897C7D8B8DE15895286FBCD1535FC75E1B70F62', 'ARCHIVED', '2016-07-23 17:35:11', '0');
INSERT INTO `updates` VALUES ('2016_07_30_00_auth.sql', '0FD4147840F7F02E2F1828A904B269F5B66097E0', 'ARCHIVED', '2016-07-30 15:07:02', '0');
INSERT INTO `updates` VALUES ('2016_08_07_00_auth.sql', 'D9DD23851822E32E1312FFABEE2DB721C8651443', 'ARCHIVED', '2016-08-07 15:33:42', '0');
INSERT INTO `updates` VALUES ('2016_08_11_00_auth.sql', '0C79A86A4DFC53746BECF3D8A145482F94AE5FC9', 'ARCHIVED', '2016-08-11 17:02:20', '0');
INSERT INTO `updates` VALUES ('2016_08_13_00_auth.sql', 'ED2286C4FF3D80D0F4DEE3D3121BCC15544470BE', 'ARCHIVED', '2016-08-13 01:11:49', '0');
INSERT INTO `updates` VALUES ('2016_08_26_00_auth.sql', '3C566371B6026EFEEA19CD215EC9F02C6DA9EAB3', 'ARCHIVED', '2016-08-26 14:09:52', '19');
INSERT INTO `updates` VALUES ('2016_08_27_00_auth.sql', '65ABEF7ACBCEA974C744ED42F95FBBD29226917B', 'ARCHIVED', '2016-08-27 07:02:45', '0');
INSERT INTO `updates` VALUES ('2016_08_30_00_auth.sql', 'E16C19A938FE6370921658D2B713EE28A633FD56', 'ARCHIVED', '2016-08-30 00:00:00', '0');
INSERT INTO `updates` VALUES ('2016_09_02_00_auth.sql', '08932DAC4BDE74D3C39A43DDE404522F23EDD035', 'ARCHIVED', '2016-09-02 00:00:00', '0');
INSERT INTO `updates` VALUES ('2016_09_03_00_auth_2016_05_11_00_auth.sql', '401EFD3586772BDED66B4A944C20A1AC18A22D3A', 'ARCHIVED', '2016-09-03 11:29:38', '0');
INSERT INTO `updates` VALUES ('2016_09_03_01_auth.sql', '08B5ABCB74BBF25A30D37AF639F0EA1B10640673', 'ARCHIVED', '2016-09-03 13:24:32', '0');
INSERT INTO `updates` VALUES ('2016_09_03_02_auth_2016_06_06_00_auth.sql', 'A0A8D73A952D0618833416513D53F73A70E7EA25', 'ARCHIVED', '2016-09-03 15:56:50', '0');
INSERT INTO `updates` VALUES ('2016_09_03_03_auth.sql', '9BF1C03EE39B6DC7E817BA46BE7D12A41AFBFDF7', 'ARCHIVED', '2016-09-03 15:56:50', '0');
INSERT INTO `updates` VALUES ('2016_09_15_00_auth.sql', 'CD65F822AF1B5B7776E39804D0362F3E34AA6445', 'ARCHIVED', '2016-09-15 16:30:36', '0');
INSERT INTO `updates` VALUES ('2016_09_21_00_auth.sql', '57219A16B88080240EED94CDD41FC2764B8A32C5', 'ARCHIVED', '2016-09-21 17:08:43', '0');
INSERT INTO `updates` VALUES ('2016_09_25_00_auth.sql', 'E811EFD8CE92ABEC5B8C02A09E643035939CF96D', 'ARCHIVED', '2016-09-25 15:56:58', '0');
INSERT INTO `updates` VALUES ('2016_10_01_00_auth.sql', '7C444FF1B03BA3C83472BDA409854754D052D6FB', 'ARCHIVED', '2016-10-01 13:32:43', '0');
INSERT INTO `updates` VALUES ('2016_10_06_00_auth.sql', '6A415F9813EFB5B95EB2AA2B326E1A6791E25EDB', 'ARCHIVED', '2016-10-06 23:16:24', '0');
INSERT INTO `updates` VALUES ('2016_10_12_00_auth.sql', '671D57BBA183AC70B9580DEE19B7EC046AF2EA87', 'ARCHIVED', '2016-10-12 00:01:05', '0');
INSERT INTO `updates` VALUES ('2016_10_17_00_auth.sql', 'A0EF594CD73690D46A46031137DB0E895F079235', 'ARCHIVED', '2016-10-16 16:33:05', '19');
INSERT INTO `updates` VALUES ('2016_10_25_00_auth.sql', '5743FB1AC3F564FE4192DCFA90260BAD5E501882', 'ARCHIVED', '2016-10-25 19:27:02', '0');
INSERT INTO `updates` VALUES ('2016_10_28_00_auth.sql', 'C1B9B1DD20B2183C6CB44CAED9B91BA7C63B8C49', 'ARCHIVED', '2016-10-28 00:07:48', '0');
INSERT INTO `updates` VALUES ('2016_11_04_00_auth.sql', '3F4FE06DCE019EB3223B5A6E0F80E2239078967F', 'ARCHIVED', '2016-11-04 20:25:23', '0');
INSERT INTO `updates` VALUES ('2016_11_09_00_auth.sql', '56432F8AEC2943A398A5B8B77843138B5B704257', 'ARCHIVED', '2016-11-09 18:46:48', '0');
INSERT INTO `updates` VALUES ('2016_11_17_00_auth.sql', '18E8F8FC93CC38755AB571638960AAFB98C0F3F1', 'ARCHIVED', '2016-11-17 23:47:51', '0');
INSERT INTO `updates` VALUES ('2016_12_04_00_auth.sql', 'B1623681EAB651D2A091E3F4D4D4E476CF6D3AEA', 'ARCHIVED', '2016-12-04 00:41:36', '0');
INSERT INTO `updates` VALUES ('2016_12_11_00_auth.sql', '24CA34537DB697962DDD69EEE4BB5E79D2A573DA', 'ARCHIVED', '2016-12-11 18:18:59', '0');
INSERT INTO `updates` VALUES ('2016_12_18_00_auth.sql', '7AB53E033680CF7439F142EF83CD13E6F5D0ACB9', 'ARCHIVED', '2016-12-18 12:15:48', '0');
INSERT INTO `updates` VALUES ('2017_01_14_00_auth.sql', '1B514D1364042DB4CE68929EB54A94F86983441D', 'ARCHIVED', '2017-01-14 20:50:47', '0');
INSERT INTO `updates` VALUES ('2017_01_26_00_auth.sql', '723E1B69981A32A2F28A67C64902BA1AE7E98E48', 'ARCHIVED', '2017-01-26 17:10:15', '0');
INSERT INTO `updates` VALUES ('2017_01_29_00_auth.sql', 'B76C514678903F540302505AF66886F7D2C89E30', 'ARCHIVED', '2017-01-29 00:00:00', '0');
INSERT INTO `updates` VALUES ('2017_03_11_00_auth.sql', '2F2F67E51439346B212C27B7224E4614C00E1AEB', 'ARCHIVED', '2017-03-11 00:00:00', '0');
INSERT INTO `updates` VALUES ('2017_03_17_00_auth.sql', '4902E9B1B063F399F928C2DD7AFD60427738E227', 'ARCHIVED', '2017-03-17 18:58:01', '0');
INSERT INTO `updates` VALUES ('2017_04_17_00_auth.sql', '86299FAB21D895E84272286309CC8EE80F9DA8C7', 'ARCHIVED', '2017-04-17 00:00:00', '0');
INSERT INTO `updates` VALUES ('2017_04_19_00_auth.sql', '9903AAF50DF384F52E81F7E2892FE5271E000490', 'ARCHIVED', '2017-04-18 23:16:18', '32');
INSERT INTO `updates` VALUES ('2017_04_22_00_auth.sql', '843663B18D28FBA1EB12548500EC93953881E5F0', 'ARCHIVED', '2017-04-22 19:28:22', '0');
INSERT INTO `updates` VALUES ('2017_04_27_00_auth.sql', '308B797B47FA803D492C9C9A4C26DBEC546DBBD9', 'ARCHIVED', '2017-04-28 09:10:11', '0');
INSERT INTO `updates` VALUES ('2017_05_14_00_auth.sql', 'B7E76CCDCC9A2C8103427DA4C43C7B0366ECE8B4', 'ARCHIVED', '2017-05-14 12:00:00', '0');
INSERT INTO `updates` VALUES ('2017_06_15_00_auth.sql', 'DD71F25C1E61FD5F836931B02703BE3BD1B4F156', 'ARCHIVED', '2017-06-15 15:20:50', '0');
INSERT INTO `updates` VALUES ('2017_06_18_00_auth.sql', '7200968BFC2D76499149937B19F2153FD2ABC397', 'ARCHIVED', '2017-06-18 22:13:37', '0');
INSERT INTO `updates` VALUES ('2017_06_25_00_auth.sql', 'A2DA6A64D4217992EF766915DEBD517DB0834E01', 'ARCHIVED', '2017-06-25 00:54:10', '0');
INSERT INTO `updates` VALUES ('2017_06_28_00_auth.sql', '6E58300D4D4DAAEE89107ECB3CB7DA8529DA738F', 'ARCHIVED', '2017-06-28 19:11:09', '0');
INSERT INTO `updates` VALUES ('2017_06_30_00_auth.sql', 'C73BD277D211DBE1BB86BB1B443CA8F292D8ADEE', 'ARCHIVED', '2017-06-30 16:18:51', '0');
INSERT INTO `updates` VALUES ('2017_08_04_00_auth.sql', '2E994A704C64FECE3CE0883ED0CAC5E5A0E3A36C', 'ARCHIVED', '2017-08-04 23:46:32', '0');
INSERT INTO `updates` VALUES ('2017_08_13_00_auth_2016_09_22_00_auth.sql', '70047954E3556BFA430ADD5680EF8797F74A4B9E', 'ARCHIVED', '2017-08-13 12:00:00', '0');
INSERT INTO `updates` VALUES ('2017_09_22_00_auth.sql', '9313CCE80A18212E6F0C78D83316DE8582AE8084', 'ARCHIVED', '2017-09-22 18:05:17', '0');
INSERT INTO `updates` VALUES ('2017_11_11_01_auth.sql', '0D6EDB6B2FC8B9FBDF11ECD79B4B8E943328B6A9', 'ARCHIVED', '2017-11-11 18:49:45', '0');
INSERT INTO `updates` VALUES ('2017_12_30_00_auth.sql', 'F360E9555AC68E28834E3FF807E4E37A090EF363', 'ARCHIVED', '2017-12-30 00:23:32', '0');
INSERT INTO `updates` VALUES ('2017_12_30_01_auth.sql', '1E11C78BA6D1D8E8CED7423DF92D1D197D6061EE', 'ARCHIVED', '2017-12-30 23:00:00', '0');
INSERT INTO `updates` VALUES ('2017_12_31_00_auth.sql', '1721ACBD35EB95FAE33B9E95F8C4E4B1FB70A5E4', 'ARCHIVED', '2017-12-31 20:15:23', '0');
INSERT INTO `updates` VALUES ('2018_01_02_00_auth.sql', 'CD9B826B9D95697DC412DEF780E814FA3991D6CD', 'ARCHIVED', '2018-01-02 20:40:37', '0');
INSERT INTO `updates` VALUES ('2018_02_18_00_auth.sql', '8489DD3EFFE14A7486B593435F0BA2BC69B6EABF', 'ARCHIVED', '2018-02-18 16:35:55', '0');
INSERT INTO `updates` VALUES ('2018_02_19_00_auth.sql', '07CE658C5EF88693D3C047EF8E724F94ADA74C15', 'ARCHIVED', '2018-02-19 22:33:32', '233');
INSERT INTO `updates` VALUES ('2018_02_28_00_auth.sql', 'E92EF4ABF7FA0C66649E1633DD0459F44C09EB83', 'ARCHIVED', '2018-02-28 23:07:59', '0');
INSERT INTO `updates` VALUES ('2018_03_14_00_auth.sql', '2D71E93DF7419A30D0D21D8A80CF05698302575A', 'ARCHIVED', '2018-03-14 23:07:59', '0');
INSERT INTO `updates` VALUES ('2018_04_06_00_auth.sql', 'D8416F0C4751763202B1997C81423F6EE2FCF9A6', 'ARCHIVED', '2018-04-06 18:00:32', '0');
INSERT INTO `updates` VALUES ('2018_05_13_00_auth.sql', 'A9E20F2EB1E2FDBB982DB6B00DB7301852B27CD4', 'ARCHIVED', '2018-05-13 20:22:32', '0');
INSERT INTO `updates` VALUES ('2018_05_24_00_auth.sql', 'B98FD71AAA13810856729E034E6B8C9F8D5D4F6B', 'ARCHIVED', '2018-05-24 22:32:49', '0');
INSERT INTO `updates` VALUES ('2018_06_14_00_auth.sql', '67EAB915BF0C7F2D410BE45F885A1A39D42C8C14', 'ARCHIVED', '2018-06-14 23:06:59', '0');
INSERT INTO `updates` VALUES ('2018_06_22_00_auth.sql', '9DA24F70B8A365AFDEF58A9B578255CDEDFCA47C', 'ARCHIVED', '2018-06-22 17:45:45', '0');

-- ----------------------------
-- Table structure for updates_include
-- ----------------------------
DROP TABLE IF EXISTS `updates_include`;
CREATE TABLE `updates_include` (
  `path` varchar(200) NOT NULL COMMENT 'directory to include. $ means relative to the source directory.',
  `state` enum('RELEASED','ARCHIVED') NOT NULL DEFAULT 'RELEASED' COMMENT 'defines if the directory contains released or archived updates.',
  PRIMARY KEY (`path`)
) ENGINE=MyISAM DEFAULT CHARSET=utf8 COMMENT='List of directories where we want to include sql updates.';

-- ----------------------------
-- Records of updates_include
-- ----------------------------
INSERT INTO `updates_include` VALUES ('$/sql/updates/auth', 'RELEASED');
INSERT INTO `updates_include` VALUES ('$/sql/custom/auth', 'RELEASED');
INSERT INTO `updates_include` VALUES ('$/sql/old/6.x/auth', 'ARCHIVED');
INSERT INTO `updates_include` VALUES ('$/sql/old/7/auth', 'ARCHIVED');

-- ----------------------------
-- Table structure for uptime
-- ----------------------------
DROP TABLE IF EXISTS `uptime`;
CREATE TABLE `uptime` (
  `realmid` int(10) unsigned NOT NULL,
  `starttime` int(10) unsigned NOT NULL DEFAULT '0',
  `uptime` int(10) unsigned NOT NULL DEFAULT '0',
  `maxplayers` smallint(5) unsigned NOT NULL DEFAULT '0',
  `revision` varchar(255) NOT NULL DEFAULT 'Trinitycore',
  PRIMARY KEY (`realmid`,`starttime`)
) ENGINE=InnoDB DEFAULT CHARSET=utf8 COMMENT='Uptime system';

-- ----------------------------
-- Records of uptime
-- ----------------------------
INSERT INTO `uptime` VALUES ('1', '1529866138', '600', '0', 'TrinityCore rev. 0d6cd60207e9 2018-06-24 20:39:47 +0200 (HEAD branch) (Unix, Debug, Static)');
INSERT INTO `uptime` VALUES ('1', '1529866849', '0', '0', 'TrinityCore rev. 0d6cd60207e9 2018-06-24 20:39:47 +0200 (HEAD branch) (Unix, Debug, Static)');
INSERT INTO `uptime` VALUES ('1', '1529867202', '0', '0', 'TrinityCore rev. ee13d8b0f5b1 2018-06-24 19:02:22 +0000 (HEAD branch) (Unix, Debug, Static)');
INSERT INTO `uptime` VALUES ('1', '1529867744', '1200', '0', 'TrinityCore rev. 69e79de18046 2018-06-24 21:11:22 +0200 (HEAD branch) (Unix, Debug, Static)');
INSERT INTO `uptime` VALUES ('1', '1529869587', '602', '0', 'TrinityCore rev. dddfcb79c15e 2018-06-24 21:41:26 +0200 (HEAD branch) (Unix, Debug, Static)');
INSERT INTO `uptime` VALUES ('1', '1529870235', '0', '0', 'TrinityCore rev. 5b3b14e8aa89 2018-06-24 19:53:09 +0000 (HEAD branch) (Unix, Debug, Static)');
INSERT INTO `uptime` VALUES ('1', '1529870511', '0', '0', 'TrinityCore rev. 5b3b14e8aa89 2018-06-24 19:53:09 +0000 (HEAD branch) (Unix, Debug, Static)');
INSERT INTO `uptime` VALUES ('1', '1529870751', '0', '0', 'TrinityCore rev. 954746966df4 2018-06-24 20:01:43 +0000 (HEAD branch) (Unix, Debug, Static)');
INSERT INTO `uptime` VALUES ('1', '1529871349', '2401', '0', 'TrinityCore rev. 954746966df4 2018-06-24 20:01:43 +0000 (HEAD branch) (Unix, Debug, Static)');
INSERT INTO `uptime` VALUES ('1', '1529874084', '0', '0', 'TrinityCore rev. a8176e9a65a2 2018-06-24 20:56:40 +0000 (HEAD branch) (Unix, Debug, Static)');
INSERT INTO `uptime` VALUES ('1', '1529874372', '600', '1', 'TrinityCore rev. a8176e9a65a2 2018-06-24 20:56:40 +0000 (HEAD branch) (Unix, Debug, Static)');
INSERT INTO `uptime` VALUES ('1', '1529875260', '396000', '1', 'TrinityCore rev. cd58539ee83d 2018-06-24 23:16:37 +0200 (HEAD branch) (Unix, Debug, Static)');
INSERT INTO `uptime` VALUES ('1', '1530271574', '1200', '0', 'TrinityCore rev. 5754d33d33cc 2018-06-29 13:12:36 +0200 (HEAD branch) (Unix, Debug, Static)');
INSERT INTO `uptime` VALUES ('1', '1530273167', '4422600', '0', 'TrinityCore rev. a610f5d4fc25 2018-06-29 13:48:08 +0200 (HEAD branch) (Unix, Debug, Static)');
INSERT INTO `uptime` VALUES ('2', '1534814189', '0', '0', 'TrinityCore rev. unknown 1970-01-01 00:00:00 +0000 (Archived branch) (Win64, RelWithDebInfo, Static)');
INSERT INTO `uptime` VALUES ('2', '1534814352', '0', '0', 'TrinityCore rev. unknown 1970-01-01 00:00:00 +0000 (Archived branch) (Win64, RelWithDebInfo, Static)');
INSERT INTO `uptime` VALUES ('2', '1534814643', '0', '0', 'TrinityCore rev. unknown 1970-01-01 00:00:00 +0000 (Archived branch) (Win64, RelWithDebInfo, Static)');
INSERT INTO `uptime` VALUES ('2', '1534814837', '0', '0', 'TrinityCore rev. unknown 1970-01-01 00:00:00 +0000 (Archived branch) (Win64, RelWithDebInfo, Static)');
INSERT INTO `uptime` VALUES ('2', '1534815177', '0', '0', 'TrinityCore rev. unknown 1970-01-01 00:00:00 +0000 (Archived branch) (Win64, RelWithDebInfo, Static)');
INSERT INTO `uptime` VALUES ('2', '1534815457', '0', '0', 'TrinityCore rev. unknown 1970-01-01 00:00:00 +0000 (Archived branch) (Win64, RelWithDebInfo, Static)');
INSERT INTO `uptime` VALUES ('2', '1534816084', '0', '0', 'TrinityCore rev. unknown 1970-01-01 00:00:00 +0000 (Archived branch) (Win64, RelWithDebInfo, Static)');
INSERT INTO `uptime` VALUES ('2', '1534817661', '0', '0', 'TrinityCore rev. unknown 1970-01-01 00:00:00 +0000 (Archived branch) (Win64, Release, Static)');
INSERT INTO `uptime` VALUES ('2', '1534818115', '0', '0', 'TrinityCore rev. unknown 1970-01-01 00:00:00 +0000 (Archived branch) (Win64, Release, Static)');
INSERT INTO `uptime` VALUES ('2', '1534843845', '784', '1', 'TrinityCore rev. unknown 1970-01-01 00:00:00 +0000 (Archived branch) (Win64, Debug, Dynamic)');
INSERT INTO `uptime` VALUES ('2', '1534845384', '0', '0', 'TrinityCore rev. unknown 1970-01-01 00:00:00 +0000 (Archived branch) (Win64, Debug, Dynamic)');
INSERT INTO `uptime` VALUES ('2', '1534846843', '1205', '1', 'TrinityCore rev. unknown 1970-01-01 00:00:00 +0000 (Archived branch) (Win64, Debug, Dynamic)');
INSERT INTO `uptime` VALUES ('2', '1534848822', '78605', '1', 'TrinityCore rev. unknown 1970-01-01 00:00:00 +0000 (Archived branch) (Win64, Release, Dynamic)');
INSERT INTO `uptime` VALUES ('2', '1534955636', '56402', '0', 'TrinityCore rev. affdf01cfbf1 2018-08-22 18:26:39 +0200 (HEAD branch) (Unix, Debug, Static)');
INSERT INTO `uptime` VALUES ('2', '1535014887', '2614800', '0', 'TrinityCore rev. unknown 1970-01-01 00:00:00 +0000 (Archived branch) (Unix, Debug, Static)');
INSERT INTO `uptime` VALUES ('2', '1535064133', '475201', '0', 'TrinityCore rev. unknown 1970-01-01 00:00:00 +0000 (Archived branch) (Unix, Debug, Static)');
INSERT INTO `uptime` VALUES ('2', '1535106496', '0', '0', 'TrinityCore rev. unknown 1970-01-01 00:00:00 +0000 (Archived branch) (Unix, Debug, Static)');
INSERT INTO `uptime` VALUES ('2', '1535539549', '76802', '0', 'TrinityCore rev. unknown 1970-01-01 00:00:00 +0000 (Archived branch) (Unix, Debug, Static)');
INSERT INTO `uptime` VALUES ('2', '1535616957', '2013001', '0', 'TrinityCore rev. unknown 1970-01-01 00:00:00 +0000 (Archived branch) (Unix, Debug, Static)');
INSERT INTO `uptime` VALUES ('2', '1536515491', '1113001', '0', 'TrinityCore rev. unknown 1970-01-01 00:00:00 +0000 (Archived branch) (Unix, Debug, Static)');
INSERT INTO `uptime` VALUES ('2', '1537630531', '100801', '0', 'TrinityCore rev. unknown 1970-01-01 00:00:00 +0000 (Archived branch) (Unix, Debug, Static)');
INSERT INTO `uptime` VALUES ('2', '1537731919', '167406', '0', 'TrinityCore rev. unknown 1970-01-01 00:00:00 +0000 (Archived branch) (Unix, Debug, Static)');
INSERT INTO `uptime` VALUES ('3', '1537735620', '1202', '0', 'TrinityCore rev. unknown 1970-01-01 00:00:00 +0000 (Archived branch) (Win64, Release, Dynamic)');
INSERT INTO `uptime` VALUES ('3', '1537897168', '1802', '1', 'TrinityCore rev. unknown 1970-01-01 00:00:00 +0000 (Archived branch) (Unix, Debug, Static)');
INSERT INTO `uptime` VALUES ('4', '1537897478', '1801', '1', 'TrinityCore rev. unknown 1970-01-01 00:00:00 +0000 (Archived branch) (Unix, Debug, Static)');
INSERT INTO `uptime` VALUES ('5', '1537898379', '600', '0', 'TrinityCore rev. unknown 1970-01-01 00:00:00 +0000 (Archived branch) (Unix, Debug, Static)');
INSERT INTO `uptime` VALUES ('6', '1537898081', '1201', '0', 'TrinityCore rev. unknown 1970-01-01 00:00:00 +0000 (Archived branch) (Unix, Debug, Static)');
INSERT INTO `uptime` VALUES ('97', '1537890950', '601', '0', 'TrinityCore rev. unknown 1970-01-01 00:00:00 +0000 (Archived branch) (Unix, Debug, Static)');
INSERT INTO `uptime` VALUES ('97', '1537891763', '0', '0', 'TrinityCore rev. unknown 1970-01-01 00:00:00 +0000 (Archived branch) (Unix, Debug, Static)');
INSERT INTO `uptime` VALUES ('97', '1537891979', '600', '0', 'TrinityCore rev. unknown 1970-01-01 00:00:00 +0000 (Archived branch) (Unix, Debug, Static)');
INSERT INTO `uptime` VALUES ('97', '1537893060', '1201', '0', 'TrinityCore rev. unknown 1970-01-01 00:00:00 +0000 (Archived branch) (Unix, Debug, Static)');
INSERT INTO `uptime` VALUES ('97', '1537894599', '0', '0', 'TrinityCore rev. unknown 1970-01-01 00:00:00 +0000 (Archived branch) (Unix, Debug, Static)');
INSERT INTO `uptime` VALUES ('97', '1537895124', '4201', '1', 'TrinityCore rev. unknown 1970-01-01 00:00:00 +0000 (Archived branch) (Unix, Debug, Static)');
SET FOREIGN_KEY_CHECKS=1;
